"train/epoch","Qwen/Qwen3-32B-low-format - _step","Qwen/Qwen3-32B-low-format - _step__MIN","Qwen/Qwen3-32B-low-format - _step__MAX","Qwen/Qwen3-32B-low-format - train/rewards/reward_perfect_solution/mean","Qwen/Qwen3-32B-low-format - train/rewards/reward_perfect_solution/mean__MIN","Qwen/Qwen3-32B-low-format - train/rewards/reward_perfect_solution/mean__MAX","Qwen/Qwen3-14B-low-format - _step","Qwen/Qwen3-14B-low-format - _step__MIN","Qwen/Qwen3-14B-low-format - _step__MAX","Qwen/Qwen3-14B-low-format - train/rewards/reward_perfect_solution/mean","Qwen/Qwen3-14B-low-format - train/rewards/reward_perfect_solution/mean__MIN","Qwen/Qwen3-14B-low-format - train/rewards/reward_perfect_solution/mean__MAX","Qwen/Qwen3-0.6B-low-format - _step","Qwen/Qwen3-0.6B-low-format - _step__MIN","Qwen/Qwen3-0.6B-low-format - _step__MAX","Qwen/Qwen3-0.6B-low-format - train/rewards/reward_perfect_solution/mean","Qwen/Qwen3-0.6B-low-format - train/rewards/reward_perfect_solution/mean__MIN","Qwen/Qwen3-0.6B-low-format - train/rewards/reward_perfect_solution/mean__MAX","Qwen/Qwen3-4B-low-format - _step","Qwen/Qwen3-4B-low-format - _step__MIN","Qwen/Qwen3-4B-low-format - _step__MAX","Qwen/Qwen3-4B-low-format - train/rewards/reward_perfect_solution/mean","Qwen/Qwen3-4B-low-format - train/rewards/reward_perfect_solution/mean__MIN","Qwen/Qwen3-4B-low-format - train/rewards/reward_perfect_solution/mean__MAX","Qwen/Qwen3-32B - _step","Qwen/Qwen3-32B - _step__MIN","Qwen/Qwen3-32B - _step__MAX","Qwen/Qwen3-32B - train/rewards/reward_perfect_solution/mean","Qwen/Qwen3-32B - train/rewards/reward_perfect_solution/mean__MIN","Qwen/Qwen3-32B - train/rewards/reward_perfect_solution/mean__MAX","Qwen/Qwen3-14B - _step","Qwen/Qwen3-14B - _step__MIN","Qwen/Qwen3-14B - _step__MAX","Qwen/Qwen3-14B - train/rewards/reward_perfect_solution/mean","Qwen/Qwen3-14B - train/rewards/reward_perfect_solution/mean__MIN","Qwen/Qwen3-14B - train/rewards/reward_perfect_solution/mean__MAX","Qwen/Qwen3-4B - _step","Qwen/Qwen3-4B - _step__MIN","Qwen/Qwen3-4B - _step__MAX","Qwen/Qwen3-4B - train/rewards/reward_perfect_solution/mean","Qwen/Qwen3-4B - train/rewards/reward_perfect_solution/mean__MIN","Qwen/Qwen3-4B - train/rewards/reward_perfect_solution/mean__MAX","Qwen/Qwen3-0.6B - _step","Qwen/Qwen3-0.6B - _step__MIN","Qwen/Qwen3-0.6B - _step__MAX","Qwen/Qwen3-0.6B - train/rewards/reward_perfect_solution/mean","Qwen/Qwen3-0.6B - train/rewards/reward_perfect_solution/mean__MIN","Qwen/Qwen3-0.6B - train/rewards/reward_perfect_solution/mean__MAX"
"0.02","","","","","","","","","","","","","130","130","130","0","0","0","130","130","130","0.075","0.075","0.075","","","","","","","","","","","","","130","130","130","0.025","0.025","0.025","130","130","130","0.025","0.025","0.025"
"0.04","","","","","","","130","130","130","0.0375","0.0375","0.0375","261","261","261","0","0","0","261","261","261","0.075","0.075","0.075","","","","","","","130","130","130","0.05","0.05","0.05","261","261","261","0","0","0","261","261","261","0","0","0"
"0.059880239520958084","130","130","130","0.03333333432674408","0.03333333432674408","0.03333333432674408","","","","","","","","","","","","","","","","","","","130","130","130","0.02500000074505806","0.02500000074505806","0.02500000074505806","","","","","","","","","","","","","","","","","",""
"0.06","","","","","","","","","","","","","392","392","392","0","0","0","392","392","392","0.05","0.05","0.05","","","","","","","","","","","","","392","392","392","0.05","0.05","0.05","392","392","392","0","0","0"
"0.08","","","","","","","261","261","261","0.075","0.075","0.075","523","523","523","0","0","0","523","523","523","0","0","0","","","","","","","261","261","261","0.0625","0.0625","0.0625","523","523","523","0","0","0","523","523","523","0","0","0"
"0.1","","","","","","","","","","","","","654","654","654","0","0","0","654","654","654","0.075","0.075","0.075","","","","","","","","","","","","","654","654","654","0.075","0.075","0.075","654","654","654","0","0","0"
"0.11976047904191617","261","261","261","0.03333333432674408","0.03333333432674408","0.03333333432674408","","","","","","","","","","","","","","","","","","","261","261","261","0.01666666716337204","0.01666666716337204","0.01666666716337204","","","","","","","","","","","","","","","","","",""
"0.12","","","","","","","392","392","392","0.05","0.05","0.05","785","785","785","0","0","0","785","785","785","0","0","0","","","","","","","392","392","392","0.0375","0.0375","0.0375","785","785","785","0.025","0.025","0.025","785","785","785","0","0","0"
"0.14","","","","","","","","","","","","","916","916","916","0.025","0.025","0.025","916","916","916","0.2","0.2","0.2","","","","","","","","","","","","","916","916","916","0.3","0.3","0.3","916","916","916","0","0","0"
"0.16","","","","","","","523","523","523","0.1125","0.1125","0.1125","1047","1047","1047","0","0","0","1047","1047","1047","0.025","0.025","0.025","","","","","","","523","523","523","0.1375","0.1375","0.1375","1047","1047","1047","0.025","0.025","0.025","1047","1047","1047","0","0","0"
"0.17964071856287425","392","392","392","0.05000000074505806","0.05000000074505806","0.05000000074505806","","","","","","","","","","","","","","","","","","","392","392","392","0.05833333432674408","0.05833333432674408","0.05833333432674408","","","","","","","","","","","","","","","","","",""
"0.18","","","","","","","","","","","","","1178","1178","1178","0","0","0","1178","1178","1178","0.075","0.075","0.075","","","","","","","","","","","","","1178","1178","1178","0.125","0.125","0.125","1178","1178","1178","0","0","0"
"0.2","","","","","","","654","654","654","0.0625","0.0625","0.0625","1309","1309","1309","0","0","0","1309","1309","1309","0.025","0.025","0.025","","","","","","","654","654","654","0.075","0.075","0.075","1309","1309","1309","0","0","0","1309","1309","1309","0","0","0"
"0.22","","","","","","","","","","","","","1440","1440","1440","0","0","0","1440","1440","1440","0.075","0.075","0.075","","","","","","","","","","","","","1440","1440","1440","0.1","0.1","0.1","1440","1440","1440","0","0","0"
"0.23952095808383234","523","523","523","0.04166666716337204","0.04166666716337204","0.04166666716337204","","","","","","","","","","","","","","","","","","","523","523","523","0.00833333358168602","0.00833333358168602","0.00833333358168602","","","","","","","","","","","","","","","","","",""
"0.24","","","","","","","785","785","785","0.0875","0.0875","0.0875","1571","1571","1571","0","0","0","1571","1571","1571","0.05","0.05","0.05","","","","","","","785","785","785","0.075","0.075","0.075","1571","1571","1571","0.1","0.1","0.1","1571","1571","1571","0","0","0"
"0.26","","","","","","","","","","","","","1702","1702","1702","0","0","0","1702","1702","1702","0.025","0.025","0.025","","","","","","","","","","","","","1702","1702","1702","0.1","0.1","0.1","1702","1702","1702","0","0","0"
"0.28","","","","","","","916","916","916","0.1125","0.1125","0.1125","1833","1833","1833","0","0","0","1833","1833","1833","0.125","0.125","0.125","","","","","","","916","916","916","0.1","0.1","0.1","1833","1833","1833","0.075","0.075","0.075","1833","1833","1833","0","0","0"
"0.2994011976047904","654","654","654","0.04166666716337204","0.04166666716337204","0.04166666716337204","","","","","","","","","","","","","","","","","","","654","654","654","0.01666666716337204","0.01666666716337204","0.01666666716337204","","","","","","","","","","","","","","","","","",""
"0.3","","","","","","","","","","","","","1964","1964","1964","0","0","0","1964","1964","1964","0","0","0","","","","","","","","","","","","","1964","1964","1964","0","0","0","1964","1964","1964","0","0","0"
"0.32","","","","","","","1047","1047","1047","0.075","0.075","0.075","2095","2095","2095","0.075","0.075","0.075","2095","2095","2095","0.175","0.175","0.175","","","","","","","1047","1047","1047","0.125","0.125","0.125","2095","2095","2095","0.175","0.175","0.175","2095","2095","2095","0","0","0"
"0.34","","","","","","","","","","","","","2226","2226","2226","0.05","0.05","0.05","2226","2226","2226","0.1","0.1","0.1","","","","","","","","","","","","","2226","2226","2226","0.1","0.1","0.1","2226","2226","2226","0","0","0"
"0.3592814371257485","785","785","785","0.1083333358168602","0.1083333358168602","0.1083333358168602","","","","","","","","","","","","","","","","","","","785","785","785","0.07500000149011612","0.07500000149011612","0.07500000149011612","","","","","","","","","","","","","","","","","",""
"0.36","","","","","","","1178","1178","1178","0.125","0.125","0.125","2357","2357","2357","0.05","0.05","0.05","2357","2357","2357","0.075","0.075","0.075","","","","","","","1178","1178","1178","0.1","0.1","0.1","2357","2357","2357","0.175","0.175","0.175","2357","2357","2357","0.025","0.025","0.025"
"0.38","","","","","","","","","","","","","2488","2488","2488","0","0","0","2488","2488","2488","0","0","0","","","","","","","","","","","","","2488","2488","2488","0","0","0","2488","2488","2488","0","0","0"
"0.4","","","","","","","1309","1309","1309","0.0875","0.0875","0.0875","2619","2619","2619","0","0","0","2619","2619","2619","0.025","0.025","0.025","","","","","","","1309","1309","1309","0.1","0.1","0.1","2619","2619","2619","0.15","0.15","0.15","2619","2619","2619","0","0","0"
"0.41916167664670656","916","916","916","0.09166666865348816","0.09166666865348816","0.09166666865348816","","","","","","","","","","","","","","","","","","","916","916","916","0.01666666716337204","0.01666666716337204","0.01666666716337204","","","","","","","","","","","","","","","","","",""
"0.42","","","","","","","","","","","","","2750","2750","2750","0","0","0","2750","2750","2750","0.125","0.125","0.125","","","","","","","","","","","","","2750","2750","2750","0.1","0.1","0.1","2750","2750","2750","0","0","0"
"0.44","","","","","","","1440","1440","1440","0.1125","0.1125","0.1125","2881","2881","2881","0","0","0","2881","2881","2881","0","0","0","","","","","","","1440","1440","1440","0.125","0.125","0.125","2881","2881","2881","0","0","0","2881","2881","2881","0","0","0"
"0.46","","","","","","","","","","","","","3012","3012","3012","0","0","0","3012","3012","3012","0.1","0.1","0.1","","","","","","","","","","","","","3012","3012","3012","0.1","0.1","0.1","3012","3012","3012","0","0","0"
"0.47904191616766467","1047","1047","1047","0.05833333432674408","0.05833333432674408","0.05833333432674408","","","","","","","","","","","","","","","","","","","1047","1047","1047","0.01666666716337204","0.01666666716337204","0.01666666716337204","","","","","","","","","","","","","","","","","",""
"0.48","","","","","","","1571","1571","1571","0.075","0.075","0.075","3143","3143","3143","0","0","0","3143","3143","3143","0.075","0.075","0.075","","","","","","","1571","1571","1571","0.1","0.1","0.1","3143","3143","3143","0.05","0.05","0.05","3143","3143","3143","0","0","0"
"0.5","","","","","","","","","","","","","3274","3274","3274","0.1","0.1","0.1","3274","3274","3274","0.25","0.25","0.25","","","","","","","","","","","","","3274","3274","3274","0.275","0.275","0.275","3274","3274","3274","0.05","0.05","0.05"
"0.52","","","","","","","1702","1702","1702","0.275","0.275","0.275","3405","3405","3405","0","0","0","3405","3405","3405","0.1","0.1","0.1","","","","","","","1702","1702","1702","0.2125","0.2125","0.2125","3405","3405","3405","0.15","0.15","0.15","3405","3405","3405","0","0","0"
"0.5389221556886228","1178","1178","1178","0.13333333730697633","0.13333333730697633","0.13333333730697633","","","","","","","","","","","","","","","","","","","1178","1178","1178","0.11666667014360428","0.11666667014360428","0.11666667014360428","","","","","","","","","","","","","","","","","",""
"0.54","","","","","","","","","","","","","3536","3536","3536","0","0","0","3536","3536","3536","0","0","0","","","","","","","","","","","","","3536","3536","3536","0.025","0.025","0.025","3536","3536","3536","0","0","0"
"0.56","","","","","","","1833","1833","1833","0.1125","0.1125","0.1125","3667","3667","3667","0","0","0","3667","3667","3667","0.025","0.025","0.025","","","","","","","1833","1833","1833","0.1","0.1","0.1","3667","3667","3667","0.05","0.05","0.05","3667","3667","3667","0","0","0"
"0.58","","","","","","","","","","","","","3798","3798","3798","0","0","0","3798","3798","3798","0.2","0.2","0.2","","","","","","","","","","","","","3798","3798","3798","0.2","0.2","0.2","3798","3798","3798","0","0","0"
"0.5988023952095808","1309","1309","1309","0.1500000014901161","0.1500000014901161","0.1500000014901161","","","","","","","","","","","","","","","","","","","1309","1309","1309","0.09166666716337205","0.09166666716337205","0.09166666716337205","","","","","","","","","","","","","","","","","",""
"0.6","","","","","","","1964","1964","1964","0.1375","0.1375","0.1375","3929","3929","3929","0","0","0","3929","3929","3929","0.1","0.1","0.1","","","","","","","1964","1964","1964","0.1375","0.1375","0.1375","3929","3929","3929","0.1","0.1","0.1","3929","3929","3929","0","0","0"
"0.62","","","","","","","","","","","","","4060","4060","4060","0","0","0","4060","4060","4060","0","0","0","","","","","","","","","","","","","4060","4060","4060","0","0","0","4060","4060","4060","0","0","0"
"0.64","","","","","","","2095","2095","2095","0.05","0.05","0.05","4191","4191","4191","0.05","0.05","0.05","4191","4191","4191","0.05","0.05","0.05","","","","","","","2095","2095","2095","0.075","0.075","0.075","4191","4191","4191","0.1","0.1","0.1","4191","4191","4191","0","0","0"
"0.6586826347305389","1440","1440","1440","0.05833333432674408","0.05833333432674408","0.05833333432674408","","","","","","","","","","","","","","","","","","","1440","1440","1440","0.05000000074505806","0.05000000074505806","0.05000000074505806","","","","","","","","","","","","","","","","","",""
"0.66","","","","","","","","","","","","","4322","4322","4322","0","0","0","4322","4322","4322","0.05","0.05","0.05","","","","","","","","","","","","","4322","4322","4322","0.1","0.1","0.1","4322","4322","4322","0","0","0"
"0.68","","","","","","","2226","2226","2226","0.1","0.1","0.1","4453","4453","4453","0","0","0","4453","4453","4453","0","0","0","","","","","","","2226","2226","2226","0.0875","0.0875","0.0875","4453","4453","4453","0","0","0","4453","4453","4453","0","0","0"
"0.7","","","","","","","","","","","","","4584","4584","4584","0","0","0","4584","4584","4584","0.05","0.05","0.05","","","","","","","","","","","","","4584","4584","4584","0.1","0.1","0.1","4584","4584","4584","0.025","0.025","0.025"
"0.718562874251497","1571","1571","1571","0.09166666939854622","0.09166666939854622","0.09166666939854622","","","","","","","","","","","","","","","","","","","1571","1571","1571","0.03333333432674408","0.03333333432674408","0.03333333432674408","","","","","","","","","","","","","","","","","",""
"0.72","","","","","","","2357","2357","2357","0.1","0.1","0.1","4715","4715","4715","0","0","0","4715","4715","4715","0.025","0.025","0.025","","","","","","","2357","2357","2357","0.1","0.1","0.1","4715","4715","4715","0.1","0.1","0.1","4715","4715","4715","0","0","0"
"0.74","","","","","","","","","","","","","4846","4846","4846","0.075","0.075","0.075","4846","4846","4846","0.1","0.1","0.1","","","","","","","","","","","","","4846","4846","4846","0.1","0.1","0.1","4846","4846","4846","0.075","0.075","0.075"
"0.76","","","","","","","2488","2488","2488","0.1125","0.1125","0.1125","4977","4977","4977","0","0","0","4977","4977","4977","0.025","0.025","0.025","","","","","","","2488","2488","2488","0.0625","0.0625","0.0625","4977","4977","4977","0","0","0","4977","4977","4977","0","0","0"
"0.7784431137724551","1702","1702","1702","0.05833333507180214","0.05833333507180214","0.05833333507180214","","","","","","","","","","","","","","","","","","","1702","1702","1702","0.02500000074505806","0.02500000074505806","0.02500000074505806","","","","","","","","","","","","","","","","","",""
"0.78","","","","","","","","","","","","","5108","5108","5108","0","0","0","5108","5108","5108","0.025","0.025","0.025","","","","","","","","","","","","","5108","5108","5108","0.05","0.05","0.05","5108","5108","5108","0","0","0"
"0.8","","","","","","","2619","2619","2619","0.0375","0.0375","0.0375","5239","5239","5239","0.025","0.025","0.025","5239","5239","5239","0.025","0.025","0.025","","","","","","","2619","2619","2619","0.025","0.025","0.025","5239","5239","5239","0","0","0","5239","5239","5239","0.075","0.075","0.075"
"0.82","","","","","","","","","","","","","5370","5370","5370","0.075","0.075","0.075","5370","5370","5370","0.2","0.2","0.2","","","","","","","","","","","","","5370","5370","5370","0.125","0.125","0.125","5370","5370","5370","0.125","0.125","0.125"
"0.8383233532934131","1833","1833","1833","0.0666666679084301","0.0666666679084301","0.0666666679084301","","","","","","","","","","","","","","","","","","","1833","1833","1833","0.05000000149011612","0.05000000149011612","0.05000000149011612","","","","","","","","","","","","","","","","","",""
"0.84","","","","","","","2750","2750","2750","0.1","0.1","0.1","5501","5501","5501","0","0","0","5501","5501","5501","0","0","0","","","","","","","2750","2750","2750","0.1","0.1","0.1","5501","5501","5501","0","0","0","5501","5501","5501","0","0","0"
"0.86","","","","","","","","","","","","","5632","5632","5632","0","0","0","5632","5632","5632","0.075","0.075","0.075","","","","","","","","","","","","","5632","5632","5632","0.05","0.05","0.05","5632","5632","5632","0","0","0"
"0.88","","","","","","","2881","2881","2881","0.0875","0.0875","0.0875","5763","5763","5763","0","0","0","5763","5763","5763","0.025","0.025","0.025","","","","","","","2881","2881","2881","0.05","0.05","0.05","5763","5763","5763","0","0","0","5763","5763","5763","0","0","0"
"0.8982035928143712","1964","1964","1964","0.08333333507180214","0.08333333507180214","0.08333333507180214","","","","","","","","","","","","","","","","","","","1964","1964","1964","0.05000000149011612","0.05000000149011612","0.05000000149011612","","","","","","","","","","","","","","","","","",""
"0.9","","","","","","","","","","","","","5894","5894","5894","0","0","0","5894","5894","5894","0","0","0","","","","","","","","","","","","","5894","5894","5894","0.05","0.05","0.05","5894","5894","5894","0","0","0"
"0.92","","","","","","","3012","3012","3012","0.025","0.025","0.025","6025","6025","6025","0","0","0","6025","6025","6025","0","0","0","","","","","","","3012","3012","3012","0.05","0.05","0.05","6025","6025","6025","0","0","0","6025","6025","6025","0","0","0"
"0.94","","","","","","","","","","","","","6156","6156","6156","0","0","0","6156","6156","6156","0.1","0.1","0.1","","","","","","","","","","","","","6156","6156","6156","0.025","0.025","0.025","6156","6156","6156","0","0","0"
"0.9580838323353293","2095","2095","2095","0.08333333358168601","0.08333333358168601","0.08333333358168601","","","","","","","","","","","","","","","","","","","2095","2095","2095","0.05000000074505806","0.05000000074505806","0.05000000074505806","","","","","","","","","","","","","","","","","",""
"0.96","","","","","","","3143","3143","3143","0.1625","0.1625","0.1625","6287","6287","6287","0","0","0","6287","6287","6287","0.1","0.1","0.1","","","","","","","3143","3143","3143","0.1125","0.1125","0.1125","6287","6287","6287","0.075","0.075","0.075","6287","6287","6287","0","0","0"
"0.98","","","","","","","","","","","","","6418","6418","6418","0","0","0","6418","6418","6418","0","0","0","","","","","","","","","","","","","6418","6418","6418","0","0","0","6418","6418","6418","0","0","0"
"1","","","","","","","3274","3274","3274","0.1","0.1","0.1","6549","6549","6549","0","0","0","6549","6549","6549","0.1","0.1","0.1","","","","","","","3274","3274","3274","0.05","0.05","0.05","6549","6549","6549","0.1","0.1","0.1","6549","6549","6549","0","0","0"
"1.02","","","","","","","","","","","","","6680","6680","6680","0.05","0.05","0.05","6680","6680","6680","0.1","0.1","0.1","","","","","","","","","","","","","6680","6680","6680","0.1","0.1","0.1","6680","6680","6680","0.075","0.075","0.075"
"1.0239520958083832","2226","2226","2226","0.03333333432674408","0.03333333432674408","0.03333333432674408","","","","","","","","","","","","","","","","","","","2226","2226","2226","0.03333333432674408","0.03333333432674408","0.03333333432674408","","","","","","","","","","","","","","","","","",""
"1.04","","","","","","","3405","3405","3405","0.0875","0.0875","0.0875","6811","6811","6811","0","0","0","6811","6811","6811","0.025","0.025","0.025","","","","","","","3405","3405","3405","0.0625","0.0625","0.0625","6811","6811","6811","0","0","0","6811","6811","6811","0","0","0"
"1.06","","","","","","","","","","","","","6942","6942","6942","0","0","0","6942","6942","6942","0.075","0.075","0.075","","","","","","","","","","","","","6942","6942","6942","0.075","0.075","0.075","6942","6942","6942","0","0","0"
"1.08","","","","","","","3536","3536","3536","0.0875","0.0875","0.0875","7073","7073","7073","0","0","0","7073","7073","7073","0.025","0.025","0.025","","","","","","","3536","3536","3536","0.0625","0.0625","0.0625","7073","7073","7073","0","0","0","7073","7073","7073","0","0","0"
"1.0838323353293413","2357","2357","2357","0.10833333656191826","0.10833333656191826","0.10833333656191826","","","","","","","","","","","","","","","","","","","2357","2357","2357","0.05833333432674408","0.05833333432674408","0.05833333432674408","","","","","","","","","","","","","","","","","",""
"1.1","","","","","","","","","","","","","7204","7204","7204","0.1","0.1","0.1","7204","7204","7204","0.075","0.075","0.075","","","","","","","","","","","","","7204","7204","7204","0.1","0.1","0.1","7204","7204","7204","0.1","0.1","0.1"
"1.12","","","","","","","3667","3667","3667","0.15","0.15","0.15","7335","7335","7335","0.075","0.075","0.075","7335","7335","7335","0.15","0.15","0.15","","","","","","","3667","3667","3667","0.125","0.125","0.125","7335","7335","7335","0.1","0.1","0.1","7335","7335","7335","0.1","0.1","0.1"
"1.1400000000000001","","","","","","","","","","","","","7466","7466","7466","0","0","0","7466","7466","7466","0.1","0.1","0.1","","","","","","","","","","","","","7466","7466","7466","0.05","0.05","0.05","7466","7466","7466","0","0","0"
"1.1437125748502994","2488","2488","2488","0.12500000298023223","0.12500000298023223","0.12500000298023223","","","","","","","","","","","","","","","","","","","2488","2488","2488","0.13333333730697633","0.13333333730697633","0.13333333730697633","","","","","","","","","","","","","","","","","",""
"1.16","","","","","","","3798","3798","3798","0.1","0.1","0.1","7597","7597","7597","0","0","0","7597","7597","7597","0.15","0.15","0.15","","","","","","","3798","3798","3798","0.1","0.1","0.1","7597","7597","7597","0.125","0.125","0.125","7597","7597","7597","0.05","0.05","0.05"
"1.18","","","","","","","","","","","","","7728","7728","7728","0","0","0","7728","7728","7728","0.025","0.025","0.025","","","","","","","","","","","","","7728","7728","7728","0","0","0","7728","7728","7728","0","0","0"
"1.2","","","","","","","3929","3929","3929","0.075","0.075","0.075","7859","7859","7859","0","0","0","7859","7859","7859","0.05","0.05","0.05","","","","","","","3929","3929","3929","0.025","0.025","0.025","7859","7859","7859","0","0","0","7859","7859","7859","0","0","0"
"1.2035928143712575","2619","2619","2619","0.10833333358168602","0.10833333358168602","0.10833333358168602","","","","","","","","","","","","","","","","","","","2619","2619","2619","0.1333333358168602","0.1333333358168602","0.1333333358168602","","","","","","","","","","","","","","","","","",""
"1.22","","","","","","","","","","","","","7990","7990","7990","0","0","0","7990","7990","7990","0","0","0","","","","","","","","","","","","","7990","7990","7990","0","0","0","7990","7990","7990","0","0","0"
"1.24","","","","","","","4060","4060","4060","0.05","0.05","0.05","8121","8121","8121","0","0","0","8121","8121","8121","0","0","0","","","","","","","4060","4060","4060","0.0625","0.0625","0.0625","8121","8121","8121","0.05","0.05","0.05","8121","8121","8121","0","0","0"
"1.26","","","","","","","","","","","","","8252","8252","8252","0","0","0","8252","8252","8252","0.075","0.075","0.075","","","","","","","","","","","","","8252","8252","8252","0","0","0","8252","8252","8252","0","0","0"
"1.2634730538922156","2750","2750","2750","0.08333333507180214","0.08333333507180214","0.08333333507180214","","","","","","","","","","","","","","","","","","","2750","2750","2750","0.04166666716337204","0.04166666716337204","0.04166666716337204","","","","","","","","","","","","","","","","","",""
"1.28","","","","","","","4191","4191","4191","0.15","0.15","0.15","8383","8383","8383","0.075","0.075","0.075","8383","8383","8383","0.075","0.075","0.075","","","","","","","4191","4191","4191","0.05","0.05","0.05","8383","8383","8383","0","0","0","8383","8383","8383","0","0","0"
"1.3","","","","","","","","","","","","","8514","8514","8514","0.05","0.05","0.05","8514","8514","8514","0.075","0.075","0.075","","","","","","","","","","","","","8514","8514","8514","0.075","0.075","0.075","8514","8514","8514","0.075","0.075","0.075"
"1.32","","","","","","","4322","4322","4322","0.1625","0.1625","0.1625","8645","8645","8645","0","0","0","8645","8645","8645","0","0","0","","","","","","","4322","4322","4322","0.0625","0.0625","0.0625","8645","8645","8645","0","0","0","8645","8645","8645","0","0","0"
"1.3233532934131738","2881","2881","2881","0.09166666939854622","0.09166666939854622","0.09166666939854622","","","","","","","","","","","","","","","","","","","2881","2881","2881","0.06666666865348816","0.06666666865348816","0.06666666865348816","","","","","","","","","","","","","","","","","",""
"1.34","","","","","","","","","","","","","8776","8776","8776","0","0","0","8776","8776","8776","0","0","0","","","","","","","","","","","","","8776","8776","8776","0","0","0","8776","8776","8776","0","0","0"
"1.3599999999999999","","","","","","","4453","4453","4453","0.05","0.05","0.05","8907","8907","8907","0","0","0","8907","8907","8907","0","0","0","","","","","","","4453","4453","4453","0.0125","0.0125","0.0125","8907","8907","8907","0","0","0","8907","8907","8907","0","0","0"
"1.38","","","","","","","","","","","","","9038","9038","9038","0.1","0.1","0.1","9038","9038","9038","0.075","0.075","0.075","","","","","","","","","","","","","9038","9038","9038","0","0","0","9038","9038","9038","0.05","0.05","0.05"
"1.3832335329341316","3012","3012","3012","0.09166666567325592","0.09166666567325592","0.09166666567325592","","","","","","","","","","","","","","","","","","","3012","3012","3012","0.05833333358168602","0.05833333358168602","0.05833333358168602","","","","","","","","","","","","","","","","","",""
"1.4","","","","","","","4584","4584","4584","0.125","0.125","0.125","9169","9169","9169","0.1","0.1","0.1","9169","9169","9169","0.2","0.2","0.2","","","","","","","4584","4584","4584","0.125","0.125","0.125","9169","9169","9169","0.15","0.15","0.15","9169","9169","9169","0.1","0.1","0.1"
"1.42","","","","","","","","","","","","","9300","9300","9300","0.05","0.05","0.05","9300","9300","9300","0.05","0.05","0.05","","","","","","","","","","","","","9300","9300","9300","0.1","0.1","0.1","9300","9300","9300","0.075","0.075","0.075"
"1.44","","","","","","","4715","4715","4715","0.05","0.05","0.05","9431","9431","9431","0.05","0.05","0.05","9431","9431","9431","0.075","0.075","0.075","","","","","","","4715","4715","4715","0.1","0.1","0.1","9431","9431","9431","0.075","0.075","0.075","9431","9431","9431","0.025","0.025","0.025"
"1.4431137724550898","3143","3143","3143","0.06666666716337204","0.06666666716337204","0.06666666716337204","","","","","","","","","","","","","","","","","","","3143","3143","3143","0.05833333358168602","0.05833333358168602","0.05833333358168602","","","","","","","","","","","","","","","","","",""
"1.46","","","","","","","","","","","","","9562","9562","9562","0","0","0","9562","9562","9562","0.075","0.075","0.075","","","","","","","","","","","","","9562","9562","9562","0","0","0","9562","9562","9562","0","0","0"
"1.48","","","","","","","4846","4846","4846","0.05","0.05","0.05","9693","9693","9693","0.1","0.1","0.1","9693","9693","9693","0.075","0.075","0.075","","","","","","","4846","4846","4846","0.025","0.025","0.025","9693","9693","9693","0.1","0.1","0.1","9693","9693","9693","0.1","0.1","0.1"
"1.5","","","","","","","","","","","","","9824","9824","9824","0","0","0","9824","9824","9824","0","0","0","","","","","","","","","","","","","9824","9824","9824","0","0","0","9824","9824","9824","0","0","0"
"1.5029940119760479","3274","3274","3274","0.05000000074505806","0.05000000074505806","0.05000000074505806","","","","","","","","","","","","","","","","","","","3274","3274","3274","0.05833333432674408","0.05833333432674408","0.05833333432674408","","","","","","","","","","","","","","","","","",""
"1.52","","","","","","","4977","4977","4977","0.075","0.075","0.075","9955","9955","9955","0","0","0","9955","9955","9955","0.025","0.025","0.025","","","","","","","4977","4977","4977","0.075","0.075","0.075","9955","9955","9955","0","0","0","9955","9955","9955","0","0","0"
"1.54","","","","","","","","","","","","","10086","10086","10086","0.025","0.025","0.025","10086","10086","10086","0.1","0.1","0.1","","","","","","","","","","","","","10086","10086","10086","0.075","0.075","0.075","10086","10086","10086","0","0","0"
"1.56","","","","","","","5108","5108","5108","0.2375","0.2375","0.2375","10217","10217","10217","0.15","0.15","0.15","10217","10217","10217","0.075","0.075","0.075","","","","","","","5108","5108","5108","0.175","0.175","0.175","10217","10217","10217","0.15","0.15","0.15","10217","10217","10217","0.15","0.15","0.15"
"1.562874251497006","3405","3405","3405","0.1416666626930237","0.1416666626930237","0.1416666626930237","","","","","","","","","","","","","","","","","","","3405","3405","3405","0.1166666679084301","0.1166666679084301","0.1166666679084301","","","","","","","","","","","","","","","","","",""
"1.58","","","","","","","","","","","","","10348","10348","10348","0","0","0","10348","10348","10348","0.025","0.025","0.025","","","","","","","","","","","","","10348","10348","10348","0","0","0","10348","10348","10348","0","0","0"
"1.6","","","","","","","5239","5239","5239","0.05","0.05","0.05","10479","10479","10479","0","0","0","10479","10479","10479","0","0","0","","","","","","","5239","5239","5239","0.0375","0.0375","0.0375","10479","10479","10479","0","0","0","10479","10479","10479","0","0","0"
"1.62","","","","","","","","","","","","","10610","10610","10610","0.1","0.1","0.1","10610","10610","10610","0.1","0.1","0.1","","","","","","","","","","","","","10610","10610","10610","0.125","0.125","0.125","10610","10610","10610","0.1","0.1","0.1"
"1.622754491017964","3536","3536","3536","0.07500000223517418","0.07500000223517418","0.07500000223517418","","","","","","","","","","","","","","","","","","","3536","3536","3536","0.06666666716337204","0.06666666716337204","0.06666666716337204","","","","","","","","","","","","","","","","","",""
"1.6400000000000001","","","","","","","5370","5370","5370","0.15","0.15","0.15","10741","10741","10741","0.1","0.1","0.1","10741","10741","10741","0.25","0.25","0.25","","","","","","","5370","5370","5370","0.1125","0.1125","0.1125","10741","10741","10741","0.1","0.1","0.1","10741","10741","10741","0.1","0.1","0.1"
"1.6600000000000001","","","","","","","","","","","","","10872","10872","10872","0","0","0","10872","10872","10872","0","0","0","","","","","","","","","","","","","10872","10872","10872","0","0","0","10872","10872","10872","0","0","0"
"1.6800000000000002","","","","","","","5501","5501","5501","0.1","0.1","0.1","11003","11003","11003","0","0","0","11003","11003","11003","0","0","0","","","","","","","5501","5501","5501","0.025","0.025","0.025","11003","11003","11003","0","0","0","11003","11003","11003","0","0","0"
"1.6826347305389222","3667","3667","3667","0.10833333507180214","0.10833333507180214","0.10833333507180214","","","","","","","","","","","","","","","","","","","3667","3667","3667","0.10833333358168602","0.10833333358168602","0.10833333358168602","","","","","","","","","","","","","","","","","",""
"1.7","","","","","","","","","","","","","11134","11134","11134","0.15","0.15","0.15","11134","11134","11134","0.3","0.3","0.3","","","","","","","","","","","","","11134","11134","11134","0.225","0.225","0.225","11134","11134","11134","0.225","0.225","0.225"
"1.72","","","","","","","5632","5632","5632","0.1375","0.1375","0.1375","11265","11265","11265","0","0","0","11265","11265","11265","0","0","0","","","","","","","5632","5632","5632","0.1","0.1","0.1","11265","11265","11265","0","0","0","11265","11265","11265","0","0","0"
"1.74","","","","","","","","","","","","","11396","11396","11396","0.075","0.075","0.075","11396","11396","11396","0.05","0.05","0.05","","","","","","","","","","","","","11396","11396","11396","0.1","0.1","0.1","11396","11396","11396","0.1","0.1","0.1"
"1.7425149700598803","3798","3798","3798","0.07500000223517418","0.07500000223517418","0.07500000223517418","","","","","","","","","","","","","","","","","","","3798","3798","3798","0.07500000223517418","0.07500000223517418","0.07500000223517418","","","","","","","","","","","","","","","","","",""
"1.76","","","","","","","5763","5763","5763","0.0625","0.0625","0.0625","11527","11527","11527","0","0","0","11527","11527","11527","0","0","0","","","","","","","5763","5763","5763","0.05","0.05","0.05","11527","11527","11527","0","0","0","11527","11527","11527","0","0","0"
"1.78","","","","","","","","","","","","","11658","11658","11658","0","0","0","11658","11658","11658","0","0","0","","","","","","","","","","","","","11658","11658","11658","0","0","0","11658","11658","11658","0","0","0"
"1.8","","","","","","","5894","5894","5894","0.125","0.125","0.125","11789","11789","11789","0","0","0","11789","11789","11789","0","0","0","","","","","","","5894","5894","5894","0.025","0.025","0.025","11789","11789","11789","0","0","0","11789","11789","11789","0","0","0"
"1.8023952095808382","3929","3929","3929","0.10000000298023223","0.10000000298023223","0.10000000298023223","","","","","","","","","","","","","","","","","","","3929","3929","3929","0.01666666716337204","0.01666666716337204","0.01666666716337204","","","","","","","","","","","","","","","","","",""
"1.8199999999999998","","","","","","","","","","","","","11920","11920","11920","0","0","0","11920","11920","11920","0.075","0.075","0.075","","","","","","","","","","","","","11920","11920","11920","0","0","0","11920","11920","11920","0","0","0"
"1.8399999999999999","","","","","","","6025","6025","6025","0.1125","0.1125","0.1125","12051","12051","12051","0","0","0","12051","12051","12051","0.025","0.025","0.025","","","","","","","6025","6025","6025","0.0375","0.0375","0.0375","12051","12051","12051","0.025","0.025","0.025","12051","12051","12051","0.075","0.075","0.075"
"1.8599999999999999","","","","","","","","","","","","","12182","12182","12182","0.075","0.075","0.075","12182","12182","12182","0.05","0.05","0.05","","","","","","","","","","","","","12182","12182","12182","0.05","0.05","0.05","12182","12182","12182","0","0","0"
"1.8622754491017965","4060","4060","4060","0.1083333358168602","0.1083333358168602","0.1083333358168602","","","","","","","","","","","","","","","","","","","4060","4060","4060","0.07500000223517418","0.07500000223517418","0.07500000223517418","","","","","","","","","","","","","","","","","",""
"1.88","","","","","","","6156","6156","6156","0.1125","0.1125","0.1125","12313","12313","12313","0","0","0","12313","12313","12313","0.075","0.075","0.075","","","","","","","6156","6156","6156","0.025","0.025","0.025","12313","12313","12313","0","0","0","12313","12313","12313","0","0","0"
"1.9","","","","","","","","","","","","","12444","12444","12444","0","0","0","12444","12444","12444","0.05","0.05","0.05","","","","","","","","","","","","","12444","12444","12444","0.05","0.05","0.05","12444","12444","12444","0","0","0"
"1.92","","","","","","","6287","6287","6287","0.05","0.05","0.05","12575","12575","12575","0","0","0","12575","12575","12575","0.05","0.05","0.05","","","","","","","6287","6287","6287","0.0375","0.0375","0.0375","12575","12575","12575","0.025","0.025","0.025","12575","12575","12575","0","0","0"
"1.9221556886227544","4191","4191","4191","0.07500000223517418","0.07500000223517418","0.07500000223517418","","","","","","","","","","","","","","","","","","","4191","4191","4191","0.0416666679084301","0.0416666679084301","0.0416666679084301","","","","","","","","","","","","","","","","","",""
"1.94","","","","","","","","","","","","","12706","12706","12706","0","0","0","12706","12706","12706","0","0","0","","","","","","","","","","","","","12706","12706","12706","0.025","0.025","0.025","12706","12706","12706","0","0","0"
"1.96","","","","","","","6418","6418","6418","0.0625","0.0625","0.0625","12837","12837","12837","0","0","0","12837","12837","12837","0","0","0","","","","","","","6418","6418","6418","0.05","0.05","0.05","12837","12837","12837","0.025","0.025","0.025","12837","12837","12837","0","0","0"
"1.98","","","","","","","","","","","","","12968","12968","12968","0.1","0.1","0.1","12968","12968","12968","0.2","0.2","0.2","","","","","","","","","","","","","12968","12968","12968","0.125","0.125","0.125","12968","12968","12968","0.1","0.1","0.1"
"1.9820359281437125","4322","4322","4322","0.2083333395421505","0.2083333395421505","0.2083333395421505","","","","","","","","","","","","","","","","","","","4322","4322","4322","0.15","0.15","0.15","","","","","","","","","","","","","","","","","",""
"2","","","","","","","6549","6549","6549","0.3875","0.3875","0.3875","13099","13099","13099","0","0","0","13099","13099","13099","0.175","0.175","0.175","","","","","","","6549","6549","6549","0.1875","0.1875","0.1875","13099","13099","13099","0.075","0.075","0.075","13099","13099","13099","0.025","0.025","0.025"
"2.02","","","","","","","","","","","","","13230","13230","13230","0","0","0","13230","13230","13230","0","0","0","","","","","","","","","","","","","13230","13230","13230","0","0","0","13230","13230","13230","0","0","0"
"2.04","","","","","","","6680","6680","6680","0.1","0.1","0.1","13361","13361","13361","0.1","0.1","0.1","13361","13361","13361","0.1","0.1","0.1","","","","","","","6680","6680","6680","0.025","0.025","0.025","13361","13361","13361","0.1","0.1","0.1","13361","13361","13361","0.1","0.1","0.1"
"2.0479041916167664","4453","4453","4453","0.1083333358168602","0.1083333358168602","0.1083333358168602","","","","","","","","","","","","","","","","","","","4453","4453","4453","0.1083333358168602","0.1083333358168602","0.1083333358168602","","","","","","","","","","","","","","","","","",""
"2.06","","","","","","","","","","","","","13492","13492","13492","0.075","0.075","0.075","13492","13492","13492","0.1","0.1","0.1","","","","","","","","","","","","","13492","13492","13492","0.075","0.075","0.075","13492","13492","13492","0.1","0.1","0.1"
"2.08","","","","","","","6811","6811","6811","0.1375","0.1375","0.1375","13623","13623","13623","0","0","0","13623","13623","13623","0","0","0","","","","","","","6811","6811","6811","0.1125","0.1125","0.1125","13623","13623","13623","0.075","0.075","0.075","13623","13623","13623","0","0","0"
"2.1","","","","","","","","","","","","","13754","13754","13754","0","0","0","13754","13754","13754","0.075","0.075","0.075","","","","","","","","","","","","","13754","13754","13754","0","0","0","13754","13754","13754","0","0","0"
"2.1077844311377247","4584","4584","4584","0.15833333656191825","0.15833333656191825","0.15833333656191825","","","","","","","","","","","","","","","","","","","4584","4584","4584","0.11666666865348815","0.11666666865348815","0.11666666865348815","","","","","","","","","","","","","","","","","",""
"2.12","","","","","","","6942","6942","6942","0.1375","0.1375","0.1375","13885","13885","13885","0.1","0.1","0.1","13885","13885","13885","0.05","0.05","0.05","","","","","","","6942","6942","6942","0.0625","0.0625","0.0625","13885","13885","13885","0.1","0.1","0.1","13885","13885","13885","0.1","0.1","0.1"
"2.14","","","","","","","","","","","","","14016","14016","14016","0","0","0","14016","14016","14016","0","0","0","","","","","","","","","","","","","14016","14016","14016","0","0","0","14016","14016","14016","0","0","0"
"2.16","","","","","","","7073","7073","7073","0.125","0.125","0.125","14147","14147","14147","0","0","0","14147","14147","14147","0.125","0.125","0.125","","","","","","","7073","7073","7073","0.1125","0.1125","0.1125","14147","14147","14147","0.1","0.1","0.1","14147","14147","14147","0.1","0.1","0.1"
"2.1676646706586826","4715","4715","4715","0.11666666641831398","0.11666666641831398","0.11666666641831398","","","","","","","","","","","","","","","","","","","4715","4715","4715","0.07499999925494194","0.07499999925494194","0.07499999925494194","","","","","","","","","","","","","","","","","",""
"2.18","","","","","","","","","","","","","14278","14278","14278","0","0","0","14278","14278","14278","0.075","0.075","0.075","","","","","","","","","","","","","14278","14278","14278","0","0","0","14278","14278","14278","0","0","0"
"2.2","","","","","","","7204","7204","7204","0.2","0.2","0.2","14409","14409","14409","0","0","0","14409","14409","14409","0.2","0.2","0.2","","","","","","","7204","7204","7204","0.0625","0.0625","0.0625","14409","14409","14409","0.075","0.075","0.075","14409","14409","14409","0","0","0"
"2.22","","","","","","","","","","","","","14540","14540","14540","0","0","0","14540","14540","14540","0.025","0.025","0.025","","","","","","","","","","","","","14540","14540","14540","0","0","0","14540","14540","14540","0","0","0"
"2.2275449101796405","4846","4846","4846","0.05833333507180214","0.05833333507180214","0.05833333507180214","","","","","","","","","","","","","","","","","","","4846","4846","4846","0.05833333432674408","0.05833333432674408","0.05833333432674408","","","","","","","","","","","","","","","","","",""
"2.24","","","","","","","7335","7335","7335","0.0375","0.0375","0.0375","14671","14671","14671","0","0","0","14671","14671","14671","0","0","0","","","","","","","7335","7335","7335","0","0","0","14671","14671","14671","0","0","0","14671","14671","14671","0","0","0"
"2.26","","","","","","","","","","","","","14802","14802","14802","0","0","0","14802","14802","14802","0","0","0","","","","","","","","","","","","","14802","14802","14802","0","0","0","14802","14802","14802","0","0","0"
"2.2800000000000002","","","","","","","7466","7466","7466","0.075","0.075","0.075","14933","14933","14933","0.05","0.05","0.05","14933","14933","14933","0.125","0.125","0.125","","","","","","","7466","7466","7466","0.0625","0.0625","0.0625","14933","14933","14933","0.025","0.025","0.025","14933","14933","14933","0.05","0.05","0.05"
"2.287425149700599","4977","4977","4977","0.07500000223517418","0.07500000223517418","0.07500000223517418","","","","","","","","","","","","","","","","","","","4977","4977","4977","0.03333333358168602","0.03333333358168602","0.03333333358168602","","","","","","","","","","","","","","","","","",""
"2.3","","","","","","","","","","","","","15064","15064","15064","0","0","0","15064","15064","15064","0.025","0.025","0.025","","","","","","","","","","","","","15064","15064","15064","0.025","0.025","0.025","15064","15064","15064","0","0","0"
"2.32","","","","","","","7597","7597","7597","0.1625","0.1625","0.1625","15195","15195","15195","0","0","0","15195","15195","15195","0.175","0.175","0.175","","","","","","","7597","7597","7597","0.0875","0.0875","0.0875","15195","15195","15195","0.025","0.025","0.025","15195","15195","15195","0","0","0"
"2.34","","","","","","","","","","","","","15326","15326","15326","0","0","0","15326","15326","15326","0","0","0","","","","","","","","","","","","","15326","15326","15326","0","0","0","15326","15326","15326","0","0","0"
"2.3473053892215567","5108","5108","5108","0.10833333358168602","0.10833333358168602","0.10833333358168602","","","","","","","","","","","","","","","","","","","5108","5108","5108","0.13333333507180214","0.13333333507180214","0.13333333507180214","","","","","","","","","","","","","","","","","",""
"2.36","","","","","","","7728","7728","7728","0.0875","0.0875","0.0875","15457","15457","15457","0","0","0","15457","15457","15457","0.025","0.025","0.025","","","","","","","7728","7728","7728","0.0125","0.0125","0.0125","15457","15457","15457","0.025","0.025","0.025","15457","15457","15457","0","0","0"
"2.38","","","","","","","","","","","","","15588","15588","15588","0","0","0","15588","15588","15588","0.05","0.05","0.05","","","","","","","","","","","","","15588","15588","15588","0","0","0","15588","15588","15588","0","0","0"
"2.4","","","","","","","7859","7859","7859","0.0875","0.0875","0.0875","15719","15719","15719","0","0","0","15719","15719","15719","0","0","0","","","","","","","7859","7859","7859","0.025","0.025","0.025","15719","15719","15719","0","0","0","15719","15719","15719","0","0","0"
"2.407185628742515","5239","5239","5239","0.075","0.075","0.075","","","","","","","","","","","","","","","","","","","5239","5239","5239","0.05000000149011612","0.05000000149011612","0.05000000149011612","","","","","","","","","","","","","","","","","",""
"2.42","","","","","","","","","","","","","15850","15850","15850","0.025","0.025","0.025","15850","15850","15850","0.075","0.075","0.075","","","","","","","","","","","","","15850","15850","15850","0","0","0","15850","15850","15850","0","0","0"
"2.44","","","","","","","7990","7990","7990","0.1625","0.1625","0.1625","15981","15981","15981","0.1","0.1","0.1","15981","15981","15981","0.15","0.15","0.15","","","","","","","7990","7990","7990","0.125","0.125","0.125","15981","15981","15981","0.125","0.125","0.125","15981","15981","15981","0.1","0.1","0.1"
"2.46","","","","","","","","","","","","","16112","16112","16112","0","0","0","16112","16112","16112","0","0","0","","","","","","","","","","","","","16112","16112","16112","0","0","0","16112","16112","16112","0","0","0"
"2.467065868263473","5370","5370","5370","0.10833333432674408","0.10833333432674408","0.10833333432674408","","","","","","","","","","","","","","","","","","","5370","5370","5370","0.09166666865348816","0.09166666865348816","0.09166666865348816","","","","","","","","","","","","","","","","","",""
"2.48","","","","","","","8121","8121","8121","0.075","0.075","0.075","16243","16243","16243","0.1","0.1","0.1","16243","16243","16243","0.05","0.05","0.05","","","","","","","8121","8121","8121","0.0625","0.0625","0.0625","16243","16243","16243","0.125","0.125","0.125","16243","16243","16243","0.05","0.05","0.05"
"2.5","","","","","","","","","","","","","16374","16374","16374","0.1","0.1","0.1","16374","16374","16374","0.15","0.15","0.15","","","","","","","","","","","","","16374","16374","16374","0.1","0.1","0.1","16374","16374","16374","0.1","0.1","0.1"
"2.52","","","","","","","8252","8252","8252","0.225","0.225","0.225","16505","16505","16505","0.1","0.1","0.1","16505","16505","16505","0.1","0.1","0.1","","","","","","","8252","8252","8252","0.1375","0.1375","0.1375","16505","16505","16505","0.1","0.1","0.1","16505","16505","16505","0.075","0.075","0.075"
"2.5269461077844313","5501","5501","5501","0.1166666679084301","0.1166666679084301","0.1166666679084301","","","","","","","","","","","","","","","","","","","5501","5501","5501","0.1333333358168602","0.1333333358168602","0.1333333358168602","","","","","","","","","","","","","","","","","",""
"2.54","","","","","","","","","","","","","16636","16636","16636","0","0","0","16636","16636","16636","0.125","0.125","0.125","","","","","","","","","","","","","16636","16636","16636","0","0","0","16636","16636","16636","0","0","0"
"2.56","","","","","","","8383","8383","8383","0.1625","0.1625","0.1625","16767","16767","16767","0.025","0.025","0.025","16767","16767","16767","0.05","0.05","0.05","","","","","","","8383","8383","8383","0.0375","0.0375","0.0375","16767","16767","16767","0","0","0","16767","16767","16767","0.025","0.025","0.025"
"2.58","","","","","","","","","","","","","16898","16898","16898","0","0","0","16898","16898","16898","0.175","0.175","0.175","","","","","","","","","","","","","16898","16898","16898","0","0","0","16898","16898","16898","0","0","0"
"2.586826347305389","5632","5632","5632","0.15833333656191825","0.15833333656191825","0.15833333656191825","","","","","","","","","","","","","","","","","","","5632","5632","5632","0.141666666418314","0.141666666418314","0.141666666418314","","","","","","","","","","","","","","","","","",""
"2.6","","","","","","","8514","8514","8514","0.2","0.2","0.2","17029","17029","17029","0","0","0","17029","17029","17029","0.1","0.1","0.1","","","","","","","8514","8514","8514","0.0625","0.0625","0.0625","17029","17029","17029","0.025","0.025","0.025","17029","17029","17029","0","0","0"
"2.62","","","","","","","","","","","","","17160","17160","17160","0.05","0.05","0.05","17160","17160","17160","0.025","0.025","0.025","","","","","","","","","","","","","17160","17160","17160","0","0","0","17160","17160","17160","0","0","0"
"2.64","","","","","","","8645","8645","8645","0.0375","0.0375","0.0375","17291","17291","17291","0","0","0","17291","17291","17291","0.05","0.05","0.05","","","","","","","8645","8645","8645","0.0125","0.0125","0.0125","17291","17291","17291","0","0","0","17291","17291","17291","0","0","0"
"2.6467065868263475","5763","5763","5763","0.07500000223517418","0.07500000223517418","0.07500000223517418","","","","","","","","","","","","","","","","","","","5763","5763","5763","0.06666666865348816","0.06666666865348816","0.06666666865348816","","","","","","","","","","","","","","","","","",""
"2.66","","","","","","","","","","","","","17422","17422","17422","0","0","0","17422","17422","17422","0.05","0.05","0.05","","","","","","","","","","","","","17422","17422","17422","0","0","0","17422","17422","17422","0","0","0"
"2.68","","","","","","","8776","8776","8776","0.075","0.075","0.075","17553","17553","17553","0","0","0","17553","17553","17553","0.025","0.025","0.025","","","","","","","8776","8776","8776","0","0","0","17553","17553","17553","0","0","0","17553","17553","17553","0","0","0"
"2.7","","","","","","","","","","","","","17684","17684","17684","0.075","0.075","0.075","17684","17684","17684","0.025","0.025","0.025","","","","","","","","","","","","","17684","17684","17684","0.05","0.05","0.05","17684","17684","17684","0.05","0.05","0.05"
"2.7065868263473054","5894","5894","5894","0.08333333432674409","0.08333333432674409","0.08333333432674409","","","","","","","","","","","","","","","","","","","5894","5894","5894","0.03333333432674408","0.03333333432674408","0.03333333432674408","","","","","","","","","","","","","","","","","",""
"2.7199999999999998","","","","","","","8907","8907","8907","0.1","0.1","0.1","17815","17815","17815","0","0","0","17815","17815","17815","0.175","0.175","0.175","","","","","","","8907","8907","8907","0.1125","0.1125","0.1125","17815","17815","17815","0.025","0.025","0.025","17815","17815","17815","0","0","0"
"2.74","","","","","","","","","","","","","17946","17946","17946","0.1","0.1","0.1","17946","17946","17946","0.1","0.1","0.1","","","","","","","","","","","","","17946","17946","17946","0.1","0.1","0.1","17946","17946","17946","0.075","0.075","0.075"
"2.76","","","","","","","9038","9038","9038","0.25","0.25","0.25","18077","18077","18077","0.15","0.15","0.15","18077","18077","18077","0.3","0.3","0.3","","","","","","","9038","9038","9038","0.25","0.25","0.25","18077","18077","18077","0.325","0.325","0.325","18077","18077","18077","0.25","0.25","0.25"
"2.7664670658682633","6025","6025","6025","0.26666666865348815","0.26666666865348815","0.26666666865348815","","","","","","","","","","","","","","","","","","","6025","6025","6025","0.20833333432674409","0.20833333432674409","0.20833333432674409","","","","","","","","","","","","","","","","","",""
"2.7800000000000002","","","","","","","","","","","","","18208","18208","18208","0.1","0.1","0.1","18208","18208","18208","0.125","0.125","0.125","","","","","","","","","","","","","18208","18208","18208","0.1","0.1","0.1","18208","18208","18208","0.125","0.125","0.125"
"2.8","","","","","","","9169","9169","9169","0.2","0.2","0.2","18339","18339","18339","0","0","0","18339","18339","18339","0.05","0.05","0.05","","","","","","","9169","9169","9169","0.125","0.125","0.125","18339","18339","18339","0.025","0.025","0.025","18339","18339","18339","0","0","0"
"2.82","","","","","","","","","","","","","18470","18470","18470","0.1","0.1","0.1","18470","18470","18470","0.225","0.225","0.225","","","","","","","","","","","","","18470","18470","18470","0.1","0.1","0.1","18470","18470","18470","0.1","0.1","0.1"
"2.8263473053892216","6156","6156","6156","0.16666667014360428","0.16666667014360428","0.16666667014360428","","","","","","","","","","","","","","","","","","","6156","6156","6156","0.1416666701436043","0.1416666701436043","0.1416666701436043","","","","","","","","","","","","","","","","","",""
"2.84","","","","","","","9300","9300","9300","0.1125","0.1125","0.1125","18601","18601","18601","0.025","0.025","0.025","18601","18601","18601","0.075","0.075","0.075","","","","","","","9300","9300","9300","0.1125","0.1125","0.1125","18601","18601","18601","0","0","0","18601","18601","18601","0","0","0"
"2.86","","","","","","","","","","","","","18732","18732","18732","0","0","0","18732","18732","18732","0.075","0.075","0.075","","","","","","","","","","","","","18732","18732","18732","0","0","0","18732","18732","18732","0","0","0"
"2.88","","","","","","","9431","9431","9431","0.0125","0.0125","0.0125","18863","18863","18863","0","0","0","18863","18863","18863","0.05","0.05","0.05","","","","","","","9431","9431","9431","0","0","0","18863","18863","18863","0","0","0","18863","18863","18863","0","0","0"
"2.8862275449101795","6287","6287","6287","0.07500000074505805","0.07500000074505805","0.07500000074505805","","","","","","","","","","","","","","","","","","","6287","6287","6287","0.05000000149011612","0.05000000149011612","0.05000000149011612","","","","","","","","","","","","","","","","","",""
"2.9","","","","","","","","","","","","","18994","18994","18994","0.1","0.1","0.1","18994","18994","18994","0.15","0.15","0.15","","","","","","","","","","","","","18994","18994","18994","0.1","0.1","0.1","18994","18994","18994","0.1","0.1","0.1"
"2.92","","","","","","","9562","9562","9562","0.1625","0.1625","0.1625","19125","19125","19125","0.1","0.1","0.1","19125","19125","19125","0.125","0.125","0.125","","","","","","","9562","9562","9562","0.15","0.15","0.15","19125","19125","19125","0.1","0.1","0.1","19125","19125","19125","0.1","0.1","0.1"
"2.94","","","","","","","","","","","","","19256","19256","19256","0","0","0","19256","19256","19256","0","0","0","","","","","","","","","","","","","19256","19256","19256","0","0","0","19256","19256","19256","0","0","0"
"2.946107784431138","6418","6418","6418","0.0916666679084301","0.0916666679084301","0.0916666679084301","","","","","","","","","","","","","","","","","","","6418","6418","6418","0.11666666716337204","0.11666666716337204","0.11666666716337204","","","","","","","","","","","","","","","","","",""
"2.96","","","","","","","9693","9693","9693","0.0125","0.0125","0.0125","19387","19387","19387","0","0","0","19387","19387","19387","0","0","0","","","","","","","9693","9693","9693","0","0","0","19387","19387","19387","0","0","0","19387","19387","19387","0","0","0"
"2.98","","","","","","","","","","","","","19518","19518","19518","0","0","0","19518","19518","19518","0.05","0.05","0.05","","","","","","","","","","","","","19518","19518","19518","0","0","0","19518","19518","19518","0","0","0"
"3","","","","","","","9824","9824","9824","0.075","0.075","0.075","19649","19649","19649","0","0","0","19649","19649","19649","0.075","0.075","0.075","","","","","","","9824","9824","9824","0.025","0.025","0.025","19649","19649","19649","0.075","0.075","0.075","19649","19649","19649","0.05","0.05","0.05"
"3.0119760479041915","6549","6549","6549","0.08333333358168601","0.08333333358168601","0.08333333358168601","","","","","","","","","","","","","","","","","","","6549","6549","6549","0.03333333432674408","0.03333333432674408","0.03333333432674408","","","","","","","","","","","","","","","","","",""
"3.02","","","","","","","","","","","","","19780","19780","19780","0.025","0.025","0.025","19780","19780","19780","0.075","0.075","0.075","","","","","","","","","","","","","19780","19780","19780","0.025","0.025","0.025","19780","19780","19780","0.05","0.05","0.05"
"3.04","","","","","","","9955","9955","9955","0.075","0.075","0.075","19911","19911","19911","0","0","0","19911","19911","19911","0","0","0","","","","","","","9955","9955","9955","0.0375","0.0375","0.0375","19911","19911","19911","0","0","0","19911","19911","19911","0","0","0"
"3.06","","","","","","","","","","","","","20042","20042","20042","0.05","0.05","0.05","20042","20042","20042","0.1","0.1","0.1","","","","","","","","","","","","","20042","20042","20042","0","0","0","20042","20042","20042","0.1","0.1","0.1"
"3.07185628742515","6680","6680","6680","0.1500000037252903","0.1500000037252903","0.1500000037252903","","","","","","","","","","","","","","","","","","","6680","6680","6680","0.15833333283662795","0.15833333283662795","0.15833333283662795","","","","","","","","","","","","","","","","","",""
"3.08","","","","","","","10086","10086","10086","0.1875","0.1875","0.1875","20173","20173","20173","0","0","0","20173","20173","20173","0.05","0.05","0.05","","","","","","","10086","10086","10086","0.075","0.075","0.075","20173","20173","20173","0","0","0","20173","20173","20173","0","0","0"
"3.1","","","","","","","","","","","","","20304","20304","20304","0.1","0.1","0.1","20304","20304","20304","0.1","0.1","0.1","","","","","","","","","","","","","20304","20304","20304","0.1","0.1","0.1","20304","20304","20304","0.1","0.1","0.1"
"3.12","","","","","","","10217","10217","10217","0.175","0.175","0.175","20435","20435","20435","0.1","0.1","0.1","20435","20435","20435","0.175","0.175","0.175","","","","","","","10217","10217","10217","0.1125","0.1125","0.1125","20435","20435","20435","0.1","0.1","0.1","20435","20435","20435","0.1","0.1","0.1"
"3.1317365269461077","6811","6811","6811","0.19999999925494194","0.19999999925494194","0.19999999925494194","","","","","","","","","","","","","","","","","","","6811","6811","6811","0.17500000149011613","0.17500000149011613","0.17500000149011613","","","","","","","","","","","","","","","","","",""
"3.14","","","","","","","","","","","","","20566","20566","20566","0","0","0","20566","20566","20566","0.05","0.05","0.05","","","","","","","","","","","","","20566","20566","20566","0.075","0.075","0.075","20566","20566","20566","0","0","0"
"3.16","","","","","","","10348","10348","10348","0.2125","0.2125","0.2125","20697","20697","20697","0.075","0.075","0.075","20697","20697","20697","0.075","0.075","0.075","","","","","","","10348","10348","10348","0.175","0.175","0.175","20697","20697","20697","0.15","0.15","0.15","20697","20697","20697","0.1","0.1","0.1"
"3.18","","","","","","","","","","","","","20828","20828","20828","0","0","0","20828","20828","20828","0","0","0","","","","","","","","","","","","","20828","20828","20828","0","0","0","20828","20828","20828","0","0","0"
"3.191616766467066","6942","6942","6942","0.09166666939854622","0.09166666939854622","0.09166666939854622","","","","","","","","","","","","","","","","","","","6942","6942","6942","0.1166666679084301","0.1166666679084301","0.1166666679084301","","","","","","","","","","","","","","","","","",""
"3.2","","","","","","","10479","10479","10479","0.05","0.05","0.05","20959","20959","20959","0","0","0","20959","20959","20959","0.075","0.075","0.075","","","","","","","10479","10479","10479","0.05","0.05","0.05","20959","20959","20959","0.05","0.05","0.05","20959","20959","20959","0","0","0"
"3.22","","","","","","","","","","","","","21090","21090","21090","0","0","0","21090","21090","21090","0.025","0.025","0.025","","","","","","","","","","","","","21090","21090","21090","0","0","0","21090","21090","21090","0","0","0"
"3.24","","","","","","","10610","10610","10610","0.1625","0.1625","0.1625","21221","21221","21221","0.075","0.075","0.075","21221","21221","21221","0.1","0.1","0.1","","","","","","","10610","10610","10610","0.075","0.075","0.075","21221","21221","21221","0.075","0.075","0.075","21221","21221","21221","0.075","0.075","0.075"
"3.251497005988024","7073","7073","7073","0.10000000298023223","0.10000000298023223","0.10000000298023223","","","","","","","","","","","","","","","","","","","7073","7073","7073","0.05833333283662796","0.05833333283662796","0.05833333283662796","","","","","","","","","","","","","","","","","",""
"3.26","","","","","","","","","","","","","21352","21352","21352","0","0","0","21352","21352","21352","0","0","0","","","","","","","","","","","","","21352","21352","21352","0","0","0","21352","21352","21352","0","0","0"
"3.2800000000000002","","","","","","","10741","10741","10741","0.15","0.15","0.15","21483","21483","21483","0.1","0.1","0.1","21483","21483","21483","0.075","0.075","0.075","","","","","","","10741","10741","10741","0.075","0.075","0.075","21483","21483","21483","0.1","0.1","0.1","21483","21483","21483","0.1","0.1","0.1"
"3.3","","","","","","","","","","","","","21614","21614","21614","0.15","0.15","0.15","21614","21614","21614","0.225","0.225","0.225","","","","","","","","","","","","","21614","21614","21614","0.1","0.1","0.1","21614","21614","21614","0.15","0.15","0.15"
"3.3113772455089823","7204","7204","7204","0.14166666865348815","0.14166666865348815","0.14166666865348815","","","","","","","","","","","","","","","","","","","7204","7204","7204","0.13333333656191826","0.13333333656191826","0.13333333656191826","","","","","","","","","","","","","","","","","",""
"3.32","","","","","","","10872","10872","10872","0.1125","0.1125","0.1125","21745","21745","21745","0","0","0","21745","21745","21745","0","0","0","","","","","","","10872","10872","10872","0.1","0.1","0.1","21745","21745","21745","0","0","0","21745","21745","21745","0","0","0"
"3.34","","","","","","","","","","","","","21876","21876","21876","0","0","0","21876","21876","21876","0","0","0","","","","","","","","","","","","","21876","21876","21876","0","0","0","21876","21876","21876","0","0","0"
"3.36","","","","","","","11003","11003","11003","0.0625","0.0625","0.0625","22007","22007","22007","0.075","0.075","0.075","22007","22007","22007","0.1","0.1","0.1","","","","","","","11003","11003","11003","0.05","0.05","0.05","22007","22007","22007","0.1","0.1","0.1","22007","22007","22007","0.1","0.1","0.1"
"3.37125748502994","7335","7335","7335","0.12500000298023223","0.12500000298023223","0.12500000298023223","","","","","","","","","","","","","","","","","","","7335","7335","7335","0.0916666679084301","0.0916666679084301","0.0916666679084301","","","","","","","","","","","","","","","","","",""
"3.38","","","","","","","","","","","","","22138","22138","22138","0.15","0.15","0.15","22138","22138","22138","0.2","0.2","0.2","","","","","","","","","","","","","22138","22138","22138","0.2","0.2","0.2","22138","22138","22138","0.2","0.2","0.2"
"3.4","","","","","","","11134","11134","11134","0.1625","0.1625","0.1625","22269","22269","22269","0","0","0","22269","22269","22269","0.025","0.025","0.025","","","","","","","11134","11134","11134","0.1","0.1","0.1","22269","22269","22269","0","0","0","22269","22269","22269","0","0","0"
"3.42","","","","","","","","","","","","","22400","22400","22400","0.1","0.1","0.1","22400","22400","22400","0.125","0.125","0.125","","","","","","","","","","","","","22400","22400","22400","0.1","0.1","0.1","22400","22400","22400","0.1","0.1","0.1"
"3.431137724550898","7466","7466","7466","0.125","0.125","0.125","","","","","","","","","","","","","","","","","","","7466","7466","7466","0.06666666716337204","0.06666666716337204","0.06666666716337204","","","","","","","","","","","","","","","","","",""
"3.44","","","","","","","11265","11265","11265","0.1","0.1","0.1","22531","22531","22531","0","0","0","22531","22531","22531","0","0","0","","","","","","","11265","11265","11265","0.0625","0.0625","0.0625","22531","22531","22531","0","0","0","22531","22531","22531","0","0","0"
"3.46","","","","","","","","","","","","","22662","22662","22662","0","0","0","22662","22662","22662","0.175","0.175","0.175","","","","","","","","","","","","","22662","22662","22662","0.025","0.025","0.025","22662","22662","22662","0","0","0"
"3.48","","","","","","","11396","11396","11396","0.125","0.125","0.125","22793","22793","22793","0.05","0.05","0.05","22793","22793","22793","0.1","0.1","0.1","","","","","","","11396","11396","11396","0.0625","0.0625","0.0625","22793","22793","22793","0.1","0.1","0.1","22793","22793","22793","0.025","0.025","0.025"
"3.4910179640718564","7597","7597","7597","0.1083333358168602","0.1083333358168602","0.1083333358168602","","","","","","","","","","","","","","","","","","","7597","7597","7597","0.0833333358168602","0.0833333358168602","0.0833333358168602","","","","","","","","","","","","","","","","","",""
"3.5","","","","","","","","","","","","","22924","22924","22924","0","0","0","22924","22924","22924","0","0","0","","","","","","","","","","","","","22924","22924","22924","0.025","0.025","0.025","22924","22924","22924","0","0","0"
"3.52","","","","","","","11527","11527","11527","0.0625","0.0625","0.0625","23055","23055","23055","0","0","0","23055","23055","23055","0.025","0.025","0.025","","","","","","","11527","11527","11527","0.0125","0.0125","0.0125","23055","23055","23055","0","0","0","23055","23055","23055","0","0","0"
"3.54","","","","","","","","","","","","","23186","23186","23186","0","0","0","23186","23186","23186","0.1","0.1","0.1","","","","","","","","","","","","","23186","23186","23186","0","0","0","23186","23186","23186","0","0","0"
"3.5508982035928143","7728","7728","7728","0.10000000298023223","0.10000000298023223","0.10000000298023223","","","","","","","","","","","","","","","","","","","7728","7728","7728","0.0666666679084301","0.0666666679084301","0.0666666679084301","","","","","","","","","","","","","","","","","",""
"3.56","","","","","","","11658","11658","11658","0.1125","0.1125","0.1125","23317","23317","23317","0","0","0","23317","23317","23317","0","0","0","","","","","","","11658","11658","11658","0.0375","0.0375","0.0375","23317","23317","23317","0","0","0","23317","23317","23317","0","0","0"
"3.58","","","","","","","","","","","","","23448","23448","23448","0","0","0","23448","23448","23448","0.05","0.05","0.05","","","","","","","","","","","","","23448","23448","23448","0.05","0.05","0.05","23448","23448","23448","0","0","0"
"3.6","","","","","","","11789","11789","11789","0.025","0.025","0.025","23579","23579","23579","0","0","0","23579","23579","23579","0","0","0","","","","","","","11789","11789","11789","0.0375","0.0375","0.0375","23579","23579","23579","0.025","0.025","0.025","23579","23579","23579","0","0","0"
"3.6107784431137726","7859","7859","7859","0.08333333358168601","0.08333333358168601","0.08333333358168601","","","","","","","","","","","","","","","","","","","7859","7859","7859","0.0416666679084301","0.0416666679084301","0.0416666679084301","","","","","","","","","","","","","","","","","",""
"3.62","","","","","","","","","","","","","23710","23710","23710","0.1","0.1","0.1","23710","23710","23710","0.1","0.1","0.1","","","","","","","","","","","","","23710","23710","23710","0.075","0.075","0.075","23710","23710","23710","0.1","0.1","0.1"
"3.64","","","","","","","11920","11920","11920","0.0875","0.0875","0.0875","23841","23841","23841","0","0","0","23841","23841","23841","0.025","0.025","0.025","","","","","","","11920","11920","11920","0.0625","0.0625","0.0625","23841","23841","23841","0","0","0","23841","23841","23841","0","0","0"
"3.66","","","","","","","","","","","","","23972","23972","23972","0","0","0","23972","23972","23972","0.125","0.125","0.125","","","","","","","","","","","","","23972","23972","23972","0.1","0.1","0.1","23972","23972","23972","0.05","0.05","0.05"
"3.6706586826347305","7990","7990","7990","0.12500000298023223","0.12500000298023223","0.12500000298023223","","","","","","","","","","","","","","","","","","","7990","7990","7990","0.0916666679084301","0.0916666679084301","0.0916666679084301","","","","","","","","","","","","","","","","","",""
"3.68","","","","","","","12051","12051","12051","0.1","0.1","0.1","24103","24103","24103","0.1","0.1","0.1","24103","24103","24103","0.1","0.1","0.1","","","","","","","12051","12051","12051","0.1125","0.1125","0.1125","24103","24103","24103","0.1","0.1","0.1","24103","24103","24103","0.1","0.1","0.1"
"3.7","","","","","","","","","","","","","24234","24234","24234","0.125","0.125","0.125","24234","24234","24234","0.4","0.4","0.4","","","","","","","","","","","","","24234","24234","24234","0.125","0.125","0.125","24234","24234","24234","0.1","0.1","0.1"
"3.7199999999999998","","","","","","","12182","12182","12182","0.2125","0.2125","0.2125","24365","24365","24365","0","0","0","24365","24365","24365","0.05","0.05","0.05","","","","","","","12182","12182","12182","0.15","0.15","0.15","24365","24365","24365","0.075","0.075","0.075","24365","24365","24365","0","0","0"
"3.730538922155689","8121","8121","8121","0.1833333358168602","0.1833333358168602","0.1833333358168602","","","","","","","","","","","","","","","","","","","8121","8121","8121","0.16666666865348817","0.16666666865348817","0.16666666865348817","","","","","","","","","","","","","","","","","",""
"3.74","","","","","","","","","","","","","24496","24496","24496","0","0","0","24496","24496","24496","0.175","0.175","0.175","","","","","","","","","","","","","24496","24496","24496","0.025","0.025","0.025","24496","24496","24496","0.025","0.025","0.025"
"3.76","","","","","","","12313","12313","12313","0.075","0.075","0.075","24627","24627","24627","0","0","0","24627","24627","24627","0.05","0.05","0.05","","","","","","","12313","12313","12313","0.0875","0.0875","0.0875","24627","24627","24627","0","0","0","24627","24627","24627","0","0","0"
"3.7800000000000002","","","","","","","","","","","","","24758","24758","24758","0.025","0.025","0.025","24758","24758","24758","0.025","0.025","0.025","","","","","","","","","","","","","24758","24758","24758","0","0","0","24758","24758","24758","0.025","0.025","0.025"
"3.7904191616766467","8252","8252","8252","0.09166666865348816","0.09166666865348816","0.09166666865348816","","","","","","","","","","","","","","","","","","","8252","8252","8252","0.05833333432674408","0.05833333432674408","0.05833333432674408","","","","","","","","","","","","","","","","","",""
"3.8","","","","","","","12444","12444","12444","0.2","0.2","0.2","24889","24889","24889","0.075","0.075","0.075","24889","24889","24889","0.075","0.075","0.075","","","","","","","12444","12444","12444","0.0625","0.0625","0.0625","24889","24889","24889","0.05","0.05","0.05","24889","24889","24889","0.05","0.05","0.05"
"3.82","","","","","","","","","","","","","25020","25020","25020","0","0","0","25020","25020","25020","0.125","0.125","0.125","","","","","","","","","","","","","25020","25020","25020","0.025","0.025","0.025","25020","25020","25020","0","0","0"
"3.84","","","","","","","12575","12575","12575","0.0875","0.0875","0.0875","25151","25151","25151","0","0","0","25151","25151","25151","0","0","0","","","","","","","12575","12575","12575","0.0375","0.0375","0.0375","25151","25151","25151","0","0","0","25151","25151","25151","0","0","0"
"3.8502994011976046","8383","8383","8383","0.1833333343267441","0.1833333343267441","0.1833333343267441","","","","","","","","","","","","","","","","","","","8383","8383","8383","0.10000000074505806","0.10000000074505806","0.10000000074505806","","","","","","","","","","","","","","","","","",""
"3.86","","","","","","","","","","","","","25282","25282","25282","0","0","0","25282","25282","25282","0.05","0.05","0.05","","","","","","","","","","","","","25282","25282","25282","0","0","0","25282","25282","25282","0","0","0"
"3.88","","","","","","","12706","12706","12706","0.125","0.125","0.125","25413","25413","25413","0","0","0","25413","25413","25413","0","0","0","","","","","","","12706","12706","12706","0.0625","0.0625","0.0625","25413","25413","25413","0","0","0","25413","25413","25413","0","0","0"
"3.9","","","","","","","","","","","","","25544","25544","25544","0","0","0","25544","25544","25544","0.025","0.025","0.025","","","","","","","","","","","","","25544","25544","25544","0","0","0","25544","25544","25544","0","0","0"
"3.910179640718563","8514","8514","8514","0.01666666716337204","0.01666666716337204","0.01666666716337204","","","","","","","","","","","","","","","","","","","8514","8514","8514","0.03333333358168602","0.03333333358168602","0.03333333358168602","","","","","","","","","","","","","","","","","",""
"3.92","","","","","","","12837","12837","12837","0.125","0.125","0.125","25675","25675","25675","0","0","0","25675","25675","25675","0.1","0.1","0.1","","","","","","","12837","12837","12837","0.0125","0.0125","0.0125","25675","25675","25675","0","0","0","25675","25675","25675","0","0","0"
"3.94","","","","","","","","","","","","","25806","25806","25806","0","0","0","25806","25806","25806","0.05","0.05","0.05","","","","","","","","","","","","","25806","25806","25806","0","0","0","25806","25806","25806","0.025","0.025","0.025"
"3.96","","","","","","","12968","12968","12968","0.05","0.05","0.05","25937","25937","25937","0","0","0","25937","25937","25937","0.075","0.075","0.075","","","","","","","12968","12968","12968","0.025","0.025","0.025","25937","25937","25937","0","0","0","25937","25937","25937","0","0","0"
"3.970059880239521","8645","8645","8645","0.09166666865348816","0.09166666865348816","0.09166666865348816","","","","","","","","","","","","","","","","","","","8645","8645","8645","0.0416666679084301","0.0416666679084301","0.0416666679084301","","","","","","","","","","","","","","","","","",""
"3.98","","","","","","","","","","","","","26068","26068","26068","0","0","0","26068","26068","26068","0.125","0.125","0.125","","","","","","","","","","","","","26068","26068","26068","0","0","0","26068","26068","26068","0","0","0"
"3.9940119760479043","8698","8698","8698","0.4166666641831398","0.4166666641831398","0.4166666641831398","","","","","","","","","","","","","","","","","","","8698","8698","8698","0.2708333395421505","0.2708333395421505","0.2708333395421505","","","","","","","","","","","","","","","","","",""
"4","","","","","","","13099","13099","13099","0.2","0.2","0.2","26199","26199","26199","0.1","0.1","0.1","26199","26199","26199","0.275","0.275","0.275","","","","","","","13099","13099","13099","0.1375","0.1375","0.1375","26199","26199","26199","0.15","0.15","0.15","26199","26199","26199","0.1","0.1","0.1"