"train/epoch","Qwen/Qwen3-32B-low-format - _step","Qwen/Qwen3-32B-low-format - _step__MIN","Qwen/Qwen3-32B-low-format - _step__MAX","Qwen/Qwen3-32B-low-format - train/rewards/reward_format_hint/mean","Qwen/Qwen3-32B-low-format - train/rewards/reward_format_hint/mean__MIN","Qwen/Qwen3-32B-low-format - train/rewards/reward_format_hint/mean__MAX","Qwen/Qwen3-14B-low-format - _step","Qwen/Qwen3-14B-low-format - _step__MIN","Qwen/Qwen3-14B-low-format - _step__MAX","Qwen/Qwen3-14B-low-format - train/rewards/reward_format_hint/mean","Qwen/Qwen3-14B-low-format - train/rewards/reward_format_hint/mean__MIN","Qwen/Qwen3-14B-low-format - train/rewards/reward_format_hint/mean__MAX","Qwen/Qwen3-0.6B-low-format - _step","Qwen/Qwen3-0.6B-low-format - _step__MIN","Qwen/Qwen3-0.6B-low-format - _step__MAX","Qwen/Qwen3-0.6B-low-format - train/rewards/reward_format_hint/mean","Qwen/Qwen3-0.6B-low-format - train/rewards/reward_format_hint/mean__MIN","Qwen/Qwen3-0.6B-low-format - train/rewards/reward_format_hint/mean__MAX","Qwen/Qwen3-4B-low-format - _step","Qwen/Qwen3-4B-low-format - _step__MIN","Qwen/Qwen3-4B-low-format - _step__MAX","Qwen/Qwen3-4B-low-format - train/rewards/reward_format_hint/mean","Qwen/Qwen3-4B-low-format - train/rewards/reward_format_hint/mean__MIN","Qwen/Qwen3-4B-low-format - train/rewards/reward_format_hint/mean__MAX","Qwen/Qwen3-32B - _step","Qwen/Qwen3-32B - _step__MIN","Qwen/Qwen3-32B - _step__MAX","Qwen/Qwen3-32B - train/rewards/reward_format_hint/mean","Qwen/Qwen3-32B - train/rewards/reward_format_hint/mean__MIN","Qwen/Qwen3-32B - train/rewards/reward_format_hint/mean__MAX","Qwen/Qwen3-14B - _step","Qwen/Qwen3-14B - _step__MIN","Qwen/Qwen3-14B - _step__MAX","Qwen/Qwen3-14B - train/rewards/reward_format_hint/mean","Qwen/Qwen3-14B - train/rewards/reward_format_hint/mean__MIN","Qwen/Qwen3-14B - train/rewards/reward_format_hint/mean__MAX","Qwen/Qwen3-4B - _step","Qwen/Qwen3-4B - _step__MIN","Qwen/Qwen3-4B - _step__MAX","Qwen/Qwen3-4B - train/rewards/reward_format_hint/mean","Qwen/Qwen3-4B - train/rewards/reward_format_hint/mean__MIN","Qwen/Qwen3-4B - train/rewards/reward_format_hint/mean__MAX","Qwen/Qwen3-0.6B - _step","Qwen/Qwen3-0.6B - _step__MIN","Qwen/Qwen3-0.6B - _step__MAX","Qwen/Qwen3-0.6B - train/rewards/reward_format_hint/mean","Qwen/Qwen3-0.6B - train/rewards/reward_format_hint/mean__MIN","Qwen/Qwen3-0.6B - train/rewards/reward_format_hint/mean__MAX"
"0.02","","","","","","","","","","","","","130","130","130","1","1","1","130","130","130","0.625","0.625","0.625","","","","","","","","","","","","","130","130","130","0.75","0.75","0.75","130","130","130","0.975","0.975","0.975"
"0.04","","","","","","","130","130","130","0.5375","0.5375","0.5375","261","261","261","0.975","0.975","0.975","261","261","261","0.575","0.575","0.575","","","","","","","130","130","130","0.6125","0.6125","0.6125","261","261","261","0.7","0.7","0.7","261","261","261","1","1","1"
"0.059880239520958084","130","130","130","0.11666667014360428","0.11666667014360428","0.11666667014360428","","","","","","","","","","","","","","","","","","","130","130","130","0.1083333358168602","0.1083333358168602","0.1083333358168602","","","","","","","","","","","","","","","","","",""
"0.06","","","","","","","","","","","","","392","392","392","1","1","1","392","392","392","0.6","0.6","0.6","","","","","","","","","","","","","392","392","392","0.675","0.675","0.675","392","392","392","1","1","1"
"0.08","","","","","","","261","261","261","0.4375","0.4375","0.4375","523","523","523","1","1","1","523","523","523","0.6","0.6","0.6","","","","","","","261","261","261","0.5375","0.5375","0.5375","523","523","523","0.575","0.575","0.575","523","523","523","1","1","1"
"0.1","","","","","","","","","","","","","654","654","654","1","1","1","654","654","654","0.475","0.475","0.475","","","","","","","","","","","","","654","654","654","0.575","0.575","0.575","654","654","654","1","1","1"
"0.11976047904191617","261","261","261","0.07500000223517418","0.07500000223517418","0.07500000223517418","","","","","","","","","","","","","","","","","","","261","261","261","0.17500000298023224","0.17500000298023224","0.17500000298023224","","","","","","","","","","","","","","","","","",""
"0.12","","","","","","","392","392","392","0.5375","0.5375","0.5375","785","785","785","1","1","1","785","785","785","0.575","0.575","0.575","","","","","","","392","392","392","0.575","0.575","0.575","785","785","785","0.625","0.625","0.625","785","785","785","1","1","1"
"0.14","","","","","","","","","","","","","916","916","916","0.975","0.975","0.975","916","916","916","0.55","0.55","0.55","","","","","","","","","","","","","916","916","916","0.5","0.5","0.5","916","916","916","1","1","1"
"0.16","","","","","","","523","523","523","0.425","0.425","0.425","1047","1047","1047","1","1","1","1047","1047","1047","0.625","0.625","0.625","","","","","","","523","523","523","0.475","0.475","0.475","1047","1047","1047","0.575","0.575","0.575","1047","1047","1047","1","1","1"
"0.17964071856287425","392","392","392","0.1833333358168602","0.1833333358168602","0.1833333358168602","","","","","","","","","","","","","","","","","","","392","392","392","0.1166666679084301","0.1166666679084301","0.1166666679084301","","","","","","","","","","","","","","","","","",""
"0.18","","","","","","","","","","","","","1178","1178","1178","1","1","1","1178","1178","1178","0.7","0.7","0.7","","","","","","","","","","","","","1178","1178","1178","0.7","0.7","0.7","1178","1178","1178","1","1","1"
"0.2","","","","","","","654","654","654","0.4125","0.4125","0.4125","1309","1309","1309","1","1","1","1309","1309","1309","0.775","0.775","0.775","","","","","","","654","654","654","0.5875","0.5875","0.5875","1309","1309","1309","0.825","0.825","0.825","1309","1309","1309","1","1","1"
"0.22","","","","","","","","","","","","","1440","1440","1440","1","1","1","1440","1440","1440","0.7","0.7","0.7","","","","","","","","","","","","","1440","1440","1440","0.75","0.75","0.75","1440","1440","1440","1","1","1"
"0.23952095808383234","523","523","523","0.1333333358168602","0.1333333358168602","0.1333333358168602","","","","","","","","","","","","","","","","","","","523","523","523","0.07500000223517418","0.07500000223517418","0.07500000223517418","","","","","","","","","","","","","","","","","",""
"0.24","","","","","","","785","785","785","0.5875","0.5875","0.5875","1571","1571","1571","1","1","1","1571","1571","1571","0.75","0.75","0.75","","","","","","","785","785","785","0.6875","0.6875","0.6875","1571","1571","1571","0.75","0.75","0.75","1571","1571","1571","1","1","1"
"0.26","","","","","","","","","","","","","1702","1702","1702","1","1","1","1702","1702","1702","0.75","0.75","0.75","","","","","","","","","","","","","1702","1702","1702","0.875","0.875","0.875","1702","1702","1702","1","1","1"
"0.28","","","","","","","916","916","916","0.5375","0.5375","0.5375","1833","1833","1833","1","1","1","1833","1833","1833","0.775","0.775","0.775","","","","","","","916","916","916","0.7375","0.7375","0.7375","1833","1833","1833","0.775","0.775","0.775","1833","1833","1833","1","1","1"
"0.2994011976047904","654","654","654","0.20000000149011612","0.20000000149011612","0.20000000149011612","","","","","","","","","","","","","","","","","","","654","654","654","0.08333333358168601","0.08333333358168601","0.08333333358168601","","","","","","","","","","","","","","","","","",""
"0.3","","","","","","","","","","","","","1964","1964","1964","1","1","1","1964","1964","1964","0.925","0.925","0.925","","","","","","","","","","","","","1964","1964","1964","0.825","0.825","0.825","1964","1964","1964","1","1","1"
"0.32","","","","","","","1047","1047","1047","0.6875","0.6875","0.6875","2095","2095","2095","0.925","0.925","0.925","2095","2095","2095","0.625","0.625","0.625","","","","","","","1047","1047","1047","0.8","0.8","0.8","2095","2095","2095","0.675","0.675","0.675","2095","2095","2095","1","1","1"
"0.34","","","","","","","","","","","","","2226","2226","2226","0.95","0.95","0.95","2226","2226","2226","0.825","0.825","0.825","","","","","","","","","","","","","2226","2226","2226","0.85","0.85","0.85","2226","2226","2226","1","1","1"
"0.3592814371257485","785","785","785","0.1833333343267441","0.1833333343267441","0.1833333343267441","","","","","","","","","","","","","","","","","","","785","785","785","0.09166666716337205","0.09166666716337205","0.09166666716337205","","","","","","","","","","","","","","","","","",""
"0.36","","","","","","","1178","1178","1178","0.575","0.575","0.575","2357","2357","2357","0.95","0.95","0.95","2357","2357","2357","0.725","0.725","0.725","","","","","","","1178","1178","1178","0.8","0.8","0.8","2357","2357","2357","0.425","0.425","0.425","2357","2357","2357","0.975","0.975","0.975"
"0.38","","","","","","","","","","","","","2488","2488","2488","1","1","1","2488","2488","2488","0.975","0.975","0.975","","","","","","","","","","","","","2488","2488","2488","0.925","0.925","0.925","2488","2488","2488","1","1","1"
"0.4","","","","","","","1309","1309","1309","0.7","0.7","0.7","2619","2619","2619","1","1","1","2619","2619","2619","0.925","0.925","0.925","","","","","","","1309","1309","1309","0.825","0.825","0.825","2619","2619","2619","0.7","0.7","0.7","2619","2619","2619","1","1","1"
"0.41916167664670656","916","916","916","0.3416666634380817","0.3416666634380817","0.3416666634380817","","","","","","","","","","","","","","","","","","","916","916","916","0.24166667014360427","0.24166667014360427","0.24166667014360427","","","","","","","","","","","","","","","","","",""
"0.42","","","","","","","","","","","","","2750","2750","2750","1","1","1","2750","2750","2750","0.825","0.825","0.825","","","","","","","","","","","","","2750","2750","2750","0.75","0.75","0.75","2750","2750","2750","1","1","1"
"0.44","","","","","","","1440","1440","1440","0.6","0.6","0.6","2881","2881","2881","1","1","1","2881","2881","2881","0.975","0.975","0.975","","","","","","","1440","1440","1440","0.7625","0.7625","0.7625","2881","2881","2881","0.85","0.85","0.85","2881","2881","2881","1","1","1"
"0.46","","","","","","","","","","","","","3012","3012","3012","1","1","1","3012","3012","3012","0.875","0.875","0.875","","","","","","","","","","","","","3012","3012","3012","0.775","0.775","0.775","3012","3012","3012","1","1","1"
"0.47904191616766467","1047","1047","1047","0.20833333656191827","0.20833333656191827","0.20833333656191827","","","","","","","","","","","","","","","","","","","1047","1047","1047","0.1250000014901161","0.1250000014901161","0.1250000014901161","","","","","","","","","","","","","","","","","",""
"0.48","","","","","","","1571","1571","1571","0.6","0.6","0.6","3143","3143","3143","1","1","1","3143","3143","3143","0.9","0.9","0.9","","","","","","","1571","1571","1571","0.8375","0.8375","0.8375","3143","3143","3143","0.9","0.9","0.9","3143","3143","3143","1","1","1"
"0.5","","","","","","","","","","","","","3274","3274","3274","0.9","0.9","0.9","3274","3274","3274","0.75","0.75","0.75","","","","","","","","","","","","","3274","3274","3274","0.625","0.625","0.625","3274","3274","3274","0.95","0.95","0.95"
"0.52","","","","","","","1702","1702","1702","0.55","0.55","0.55","3405","3405","3405","1","1","1","3405","3405","3405","0.9","0.9","0.9","","","","","","","1702","1702","1702","0.7375","0.7375","0.7375","3405","3405","3405","0.7","0.7","0.7","3405","3405","3405","0.975","0.975","0.975"
"0.5389221556886228","1178","1178","1178","0.2083333358168602","0.2083333358168602","0.2083333358168602","","","","","","","","","","","","","","","","","","","1178","1178","1178","0.1250000037252903","0.1250000037252903","0.1250000037252903","","","","","","","","","","","","","","","","","",""
"0.54","","","","","","","","","","","","","3536","3536","3536","1","1","1","3536","3536","3536","0.975","0.975","0.975","","","","","","","","","","","","","3536","3536","3536","0.725","0.725","0.725","3536","3536","3536","1","1","1"
"0.56","","","","","","","1833","1833","1833","0.5375","0.5375","0.5375","3667","3667","3667","1","1","1","3667","3667","3667","0.975","0.975","0.975","","","","","","","1833","1833","1833","0.8","0.8","0.8","3667","3667","3667","0.875","0.875","0.875","3667","3667","3667","1","1","1"
"0.58","","","","","","","","","","","","","3798","3798","3798","1","1","1","3798","3798","3798","0.8","0.8","0.8","","","","","","","","","","","","","3798","3798","3798","0.8","0.8","0.8","3798","3798","3798","1","1","1"
"0.5988023952095808","1309","1309","1309","0.23333333507180215","0.23333333507180215","0.23333333507180215","","","","","","","","","","","","","","","","","","","1309","1309","1309","0.10000000223517418","0.10000000223517418","0.10000000223517418","","","","","","","","","","","","","","","","","",""
"0.6","","","","","","","1964","1964","1964","0.5375","0.5375","0.5375","3929","3929","3929","1","1","1","3929","3929","3929","0.9","0.9","0.9","","","","","","","1964","1964","1964","0.75","0.75","0.75","3929","3929","3929","0.9","0.9","0.9","3929","3929","3929","1","1","1"
"0.62","","","","","","","","","","","","","4060","4060","4060","1","1","1","4060","4060","4060","1","1","1","","","","","","","","","","","","","4060","4060","4060","1","1","1","4060","4060","4060","1","1","1"
"0.64","","","","","","","2095","2095","2095","0.55","0.55","0.55","4191","4191","4191","0.95","0.95","0.95","4191","4191","4191","0.95","0.95","0.95","","","","","","","2095","2095","2095","0.825","0.825","0.825","4191","4191","4191","0.875","0.875","0.875","4191","4191","4191","1","1","1"
"0.6586826347305389","1440","1440","1440","0.2583333350718021","0.2583333350718021","0.2583333350718021","","","","","","","","","","","","","","","","","","","1440","1440","1440","0.15000000298023225","0.15000000298023225","0.15000000298023225","","","","","","","","","","","","","","","","","",""
"0.66","","","","","","","","","","","","","4322","4322","4322","1","1","1","4322","4322","4322","0.95","0.95","0.95","","","","","","","","","","","","","4322","4322","4322","0.9","0.9","0.9","4322","4322","4322","1","1","1"
"0.68","","","","","","","2226","2226","2226","0.5125","0.5125","0.5125","4453","4453","4453","1","1","1","4453","4453","4453","1","1","1","","","","","","","2226","2226","2226","0.8625","0.8625","0.8625","4453","4453","4453","1","1","1","4453","4453","4453","1","1","1"
"0.7","","","","","","","","","","","","","4584","4584","4584","1","1","1","4584","4584","4584","0.95","0.95","0.95","","","","","","","","","","","","","4584","4584","4584","0.9","0.9","0.9","4584","4584","4584","0.975","0.975","0.975"
"0.718562874251497","1571","1571","1571","0.29166666716337203","0.29166666716337203","0.29166666716337203","","","","","","","","","","","","","","","","","","","1571","1571","1571","0.21666667088866234","0.21666667088866234","0.21666667088866234","","","","","","","","","","","","","","","","","",""
"0.72","","","","","","","2357","2357","2357","0.55","0.55","0.55","4715","4715","4715","0.975","0.975","0.975","4715","4715","4715","0.975","0.975","0.975","","","","","","","2357","2357","2357","0.8875","0.8875","0.8875","4715","4715","4715","0.9","0.9","0.9","4715","4715","4715","1","1","1"
"0.74","","","","","","","","","","","","","4846","4846","4846","0.925","0.925","0.925","4846","4846","4846","0.9","0.9","0.9","","","","","","","","","","","","","4846","4846","4846","0.9","0.9","0.9","4846","4846","4846","0.925","0.925","0.925"
"0.76","","","","","","","2488","2488","2488","0.5375","0.5375","0.5375","4977","4977","4977","1","1","1","4977","4977","4977","0.975","0.975","0.975","","","","","","","2488","2488","2488","0.8875","0.8875","0.8875","4977","4977","4977","1","1","1","4977","4977","4977","1","1","1"
"0.7784431137724551","1702","1702","1702","0.35833333134651185","0.35833333134651185","0.35833333134651185","","","","","","","","","","","","","","","","","","","1702","1702","1702","0.33333333060145376","0.33333333060145376","0.33333333060145376","","","","","","","","","","","","","","","","","",""
"0.78","","","","","","","","","","","","","5108","5108","5108","1","1","1","5108","5108","5108","0.975","0.975","0.975","","","","","","","","","","","","","5108","5108","5108","0.95","0.95","0.95","5108","5108","5108","1","1","1"
"0.8","","","","","","","2619","2619","2619","0.7125","0.7125","0.7125","5239","5239","5239","0.975","0.975","0.975","5239","5239","5239","0.95","0.95","0.95","","","","","","","2619","2619","2619","0.9625","0.9625","0.9625","5239","5239","5239","1","1","1","5239","5239","5239","0.925","0.925","0.925"
"0.82","","","","","","","","","","","","","5370","5370","5370","0.925","0.925","0.925","5370","5370","5370","0.775","0.775","0.775","","","","","","","","","","","","","5370","5370","5370","0.875","0.875","0.875","5370","5370","5370","0.875","0.875","0.875"
"0.8383233532934131","1833","1833","1833","0.4249999985098839","0.4249999985098839","0.4249999985098839","","","","","","","","","","","","","","","","","","","1833","1833","1833","0.43333333134651186","0.43333333134651186","0.43333333134651186","","","","","","","","","","","","","","","","","",""
"0.84","","","","","","","2750","2750","2750","0.6875","0.6875","0.6875","5501","5501","5501","1","1","1","5501","5501","5501","0.975","0.975","0.975","","","","","","","2750","2750","2750","0.8875","0.8875","0.8875","5501","5501","5501","1","1","1","5501","5501","5501","1","1","1"
"0.86","","","","","","","","","","","","","5632","5632","5632","1","1","1","5632","5632","5632","0.825","0.825","0.825","","","","","","","","","","","","","5632","5632","5632","0.95","0.95","0.95","5632","5632","5632","1","1","1"
"0.88","","","","","","","2881","2881","2881","0.5375","0.5375","0.5375","5763","5763","5763","1","1","1","5763","5763","5763","0.95","0.95","0.95","","","","","","","2881","2881","2881","0.8875","0.8875","0.8875","5763","5763","5763","1","1","1","5763","5763","5763","1","1","1"
"0.8982035928143712","1964","1964","1964","0.3499999977648258","0.3499999977648258","0.3499999977648258","","","","","","","","","","","","","","","","","","","1964","1964","1964","0.35833333283662794","0.35833333283662794","0.35833333283662794","","","","","","","","","","","","","","","","","",""
"0.9","","","","","","","","","","","","","5894","5894","5894","1","1","1","5894","5894","5894","0.925","0.925","0.925","","","","","","","","","","","","","5894","5894","5894","0.95","0.95","0.95","5894","5894","5894","1","1","1"
"0.92","","","","","","","3012","3012","3012","0.6125","0.6125","0.6125","6025","6025","6025","1","1","1","6025","6025","6025","0.95","0.95","0.95","","","","","","","3012","3012","3012","0.925","0.925","0.925","6025","6025","6025","1","1","1","6025","6025","6025","1","1","1"
"0.94","","","","","","","","","","","","","6156","6156","6156","1","1","1","6156","6156","6156","0.8","0.8","0.8","","","","","","","","","","","","","6156","6156","6156","0.975","0.975","0.975","6156","6156","6156","1","1","1"
"0.9580838323353293","2095","2095","2095","0.3750000037252903","0.3750000037252903","0.3750000037252903","","","","","","","","","","","","","","","","","","","2095","2095","2095","0.4916666716337204","0.4916666716337204","0.4916666716337204","","","","","","","","","","","","","","","","","",""
"0.96","","","","","","","3143","3143","3143","0.5625","0.5625","0.5625","6287","6287","6287","1","1","1","6287","6287","6287","0.8","0.8","0.8","","","","","","","3143","3143","3143","0.8625","0.8625","0.8625","6287","6287","6287","0.925","0.925","0.925","6287","6287","6287","1","1","1"
"0.98","","","","","","","","","","","","","6418","6418","6418","1","1","1","6418","6418","6418","0.85","0.85","0.85","","","","","","","","","","","","","6418","6418","6418","1","1","1","6418","6418","6418","1","1","1"
"1","","","","","","","3274","3274","3274","0.7125","0.7125","0.7125","6549","6549","6549","1","1","1","6549","6549","6549","0.775","0.775","0.775","","","","","","","3274","3274","3274","0.925","0.925","0.925","6549","6549","6549","0.9","0.9","0.9","6549","6549","6549","1","1","1"
"1.02","","","","","","","","","","","","","6680","6680","6680","0.95","0.95","0.95","6680","6680","6680","0.875","0.875","0.875","","","","","","","","","","","","","6680","6680","6680","0.9","0.9","0.9","6680","6680","6680","0.925","0.925","0.925"
"1.0239520958083832","2226","2226","2226","0.4583333358168602","0.4583333358168602","0.4583333358168602","","","","","","","","","","","","","","","","","","","2226","2226","2226","0.6583333373069763","0.6583333373069763","0.6583333373069763","","","","","","","","","","","","","","","","","",""
"1.04","","","","","","","3405","3405","3405","0.725","0.725","0.725","6811","6811","6811","0.975","0.975","0.975","6811","6811","6811","0.925","0.925","0.925","","","","","","","3405","3405","3405","0.925","0.925","0.925","6811","6811","6811","1","1","1","6811","6811","6811","1","1","1"
"1.06","","","","","","","","","","","","","6942","6942","6942","1","1","1","6942","6942","6942","0.8","0.8","0.8","","","","","","","","","","","","","6942","6942","6942","0.925","0.925","0.925","6942","6942","6942","1","1","1"
"1.08","","","","","","","3536","3536","3536","0.6625","0.6625","0.6625","7073","7073","7073","1","1","1","7073","7073","7073","0.95","0.95","0.95","","","","","","","3536","3536","3536","0.925","0.925","0.925","7073","7073","7073","1","1","1","7073","7073","7073","1","1","1"
"1.0838323353293413","2357","2357","2357","0.47499999925494196","0.47499999925494196","0.47499999925494196","","","","","","","","","","","","","","","","","","","2357","2357","2357","0.6333333373069763","0.6333333373069763","0.6333333373069763","","","","","","","","","","","","","","","","","",""
"1.1","","","","","","","","","","","","","7204","7204","7204","0.9","0.9","0.9","7204","7204","7204","0.9","0.9","0.9","","","","","","","","","","","","","7204","7204","7204","0.9","0.9","0.9","7204","7204","7204","0.875","0.875","0.875"
"1.12","","","","","","","3667","3667","3667","0.625","0.625","0.625","7335","7335","7335","0.925","0.925","0.925","7335","7335","7335","0.8","0.8","0.8","","","","","","","3667","3667","3667","0.875","0.875","0.875","7335","7335","7335","0.9","0.9","0.9","7335","7335","7335","0.9","0.9","0.9"
"1.1400000000000001","","","","","","","","","","","","","7466","7466","7466","1","1","1","7466","7466","7466","0.75","0.75","0.75","","","","","","","","","","","","","7466","7466","7466","0.95","0.95","0.95","7466","7466","7466","1","1","1"
"1.1437125748502994","2488","2488","2488","0.3833333283662796","0.3833333283662796","0.3833333283662796","","","","","","","","","","","","","","","","","","","2488","2488","2488","0.5000000029802323","0.5000000029802323","0.5000000029802323","","","","","","","","","","","","","","","","","",""
"1.16","","","","","","","3798","3798","3798","0.5","0.5","0.5","7597","7597","7597","1","1","1","7597","7597","7597","0.675","0.675","0.675","","","","","","","3798","3798","3798","0.875","0.875","0.875","7597","7597","7597","0.875","0.875","0.875","7597","7597","7597","0.95","0.95","0.95"
"1.18","","","","","","","","","","","","","7728","7728","7728","1","1","1","7728","7728","7728","0.9","0.9","0.9","","","","","","","","","","","","","7728","7728","7728","1","1","1","7728","7728","7728","1","1","1"
"1.2","","","","","","","3929","3929","3929","0.625","0.625","0.625","7859","7859","7859","1","1","1","7859","7859","7859","0.825","0.825","0.825","","","","","","","3929","3929","3929","0.9","0.9","0.9","7859","7859","7859","1","1","1","7859","7859","7859","1","1","1"
"1.2035928143712575","2619","2619","2619","0.3416666708886623","0.3416666708886623","0.3416666708886623","","","","","","","","","","","","","","","","","","","2619","2619","2619","0.425","0.425","0.425","","","","","","","","","","","","","","","","","",""
"1.22","","","","","","","","","","","","","7990","7990","7990","1","1","1","7990","7990","7990","0.85","0.85","0.85","","","","","","","","","","","","","7990","7990","7990","1","1","1","7990","7990","7990","1","1","1"
"1.24","","","","","","","4060","4060","4060","0.675","0.675","0.675","8121","8121","8121","1","1","1","8121","8121","8121","0.9","0.9","0.9","","","","","","","4060","4060","4060","0.9125","0.9125","0.9125","8121","8121","8121","0.95","0.95","0.95","8121","8121","8121","1","1","1"
"1.26","","","","","","","","","","","","","8252","8252","8252","1","1","1","8252","8252","8252","0.85","0.85","0.85","","","","","","","","","","","","","8252","8252","8252","1","1","1","8252","8252","8252","1","1","1"
"1.2634730538922156","2750","2750","2750","0.4666666626930237","0.4666666626930237","0.4666666626930237","","","","","","","","","","","","","","","","","","","2750","2750","2750","0.5416666731238365","0.5416666731238365","0.5416666731238365","","","","","","","","","","","","","","","","","",""
"1.28","","","","","","","4191","4191","4191","0.675","0.675","0.675","8383","8383","8383","0.925","0.925","0.925","8383","8383","8383","0.775","0.775","0.775","","","","","","","4191","4191","4191","0.95","0.95","0.95","8383","8383","8383","1","1","1","8383","8383","8383","1","1","1"
"1.3","","","","","","","","","","","","","8514","8514","8514","0.95","0.95","0.95","8514","8514","8514","0.775","0.775","0.775","","","","","","","","","","","","","8514","8514","8514","0.925","0.925","0.925","8514","8514","8514","0.925","0.925","0.925"
"1.32","","","","","","","4322","4322","4322","0.65","0.65","0.65","8645","8645","8645","1","1","1","8645","8645","8645","0.875","0.875","0.875","","","","","","","4322","4322","4322","0.9375","0.9375","0.9375","8645","8645","8645","1","1","1","8645","8645","8645","1","1","1"
"1.3233532934131738","2881","2881","2881","0.5499999925494194","0.5499999925494194","0.5499999925494194","","","","","","","","","","","","","","","","","","","2881","2881","2881","0.5166666656732559","0.5166666656732559","0.5166666656732559","","","","","","","","","","","","","","","","","",""
"1.34","","","","","","","","","","","","","8776","8776","8776","1","1","1","8776","8776","8776","0.8","0.8","0.8","","","","","","","","","","","","","8776","8776","8776","1","1","1","8776","8776","8776","1","1","1"
"1.3599999999999999","","","","","","","4453","4453","4453","0.7625","0.7625","0.7625","8907","8907","8907","1","1","1","8907","8907","8907","0.875","0.875","0.875","","","","","","","4453","4453","4453","0.9875","0.9875","0.9875","8907","8907","8907","1","1","1","8907","8907","8907","1","1","1"
"1.38","","","","","","","","","","","","","9038","9038","9038","0.9","0.9","0.9","9038","9038","9038","0.775","0.775","0.775","","","","","","","","","","","","","9038","9038","9038","1","1","1","9038","9038","9038","0.95","0.95","0.95"
"1.3832335329341316","3012","3012","3012","0.48333333283662794","0.48333333283662794","0.48333333283662794","","","","","","","","","","","","","","","","","","","3012","3012","3012","0.5583333365619183","0.5583333365619183","0.5583333365619183","","","","","","","","","","","","","","","","","",""
"1.4","","","","","","","4584","4584","4584","0.75","0.75","0.75","9169","9169","9169","0.9","0.9","0.9","9169","9169","9169","0.625","0.625","0.625","","","","","","","4584","4584","4584","0.8625","0.8625","0.8625","9169","9169","9169","0.85","0.85","0.85","9169","9169","9169","0.9","0.9","0.9"
"1.42","","","","","","","","","","","","","9300","9300","9300","0.95","0.95","0.95","9300","9300","9300","0.625","0.625","0.625","","","","","","","","","","","","","9300","9300","9300","0.9","0.9","0.9","9300","9300","9300","0.925","0.925","0.925"
"1.44","","","","","","","4715","4715","4715","0.75","0.75","0.75","9431","9431","9431","0.95","0.95","0.95","9431","9431","9431","0.925","0.925","0.925","","","","","","","4715","4715","4715","0.9","0.9","0.9","9431","9431","9431","0.925","0.925","0.925","9431","9431","9431","0.975","0.975","0.975"
"1.4431137724550898","3143","3143","3143","0.5666666686534881","0.5666666686534881","0.5666666686534881","","","","","","","","","","","","","","","","","","","3143","3143","3143","0.5999999940395355","0.5999999940395355","0.5999999940395355","","","","","","","","","","","","","","","","","",""
"1.46","","","","","","","","","","","","","9562","9562","9562","1","1","1","9562","9562","9562","0.775","0.775","0.775","","","","","","","","","","","","","9562","9562","9562","1","1","1","9562","9562","9562","1","1","1"
"1.48","","","","","","","4846","4846","4846","0.775","0.775","0.775","9693","9693","9693","0.9","0.9","0.9","9693","9693","9693","0.825","0.825","0.825","","","","","","","4846","4846","4846","0.975","0.975","0.975","9693","9693","9693","0.9","0.9","0.9","9693","9693","9693","0.9","0.9","0.9"
"1.5","","","","","","","","","","","","","9824","9824","9824","1","1","1","9824","9824","9824","0.75","0.75","0.75","","","","","","","","","","","","","9824","9824","9824","1","1","1","9824","9824","9824","1","1","1"
"1.5029940119760479","3274","3274","3274","0.6166666656732559","0.6166666656732559","0.6166666656732559","","","","","","","","","","","","","","","","","","","3274","3274","3274","0.6416666716337204","0.6416666716337204","0.6416666716337204","","","","","","","","","","","","","","","","","",""
"1.52","","","","","","","4977","4977","4977","0.825","0.825","0.825","9955","9955","9955","1","1","1","9955","9955","9955","0.9","0.9","0.9","","","","","","","4977","4977","4977","0.925","0.925","0.925","9955","9955","9955","1","1","1","9955","9955","9955","1","1","1"
"1.54","","","","","","","","","","","","","10086","10086","10086","0.975","0.975","0.975","10086","10086","10086","0.8","0.8","0.8","","","","","","","","","","","","","10086","10086","10086","0.925","0.925","0.925","10086","10086","10086","1","1","1"
"1.56","","","","","","","5108","5108","5108","0.525","0.525","0.525","10217","10217","10217","0.85","0.85","0.85","10217","10217","10217","0.625","0.625","0.625","","","","","","","5108","5108","5108","0.825","0.825","0.825","10217","10217","10217","0.85","0.85","0.85","10217","10217","10217","0.85","0.85","0.85"
"1.562874251497006","3405","3405","3405","0.4666666716337204","0.4666666716337204","0.4666666716337204","","","","","","","","","","","","","","","","","","","3405","3405","3405","0.5999999940395355","0.5999999940395355","0.5999999940395355","","","","","","","","","","","","","","","","","",""
"1.58","","","","","","","","","","","","","10348","10348","10348","1","1","1","10348","10348","10348","0.95","0.95","0.95","","","","","","","","","","","","","10348","10348","10348","1","1","1","10348","10348","10348","1","1","1"
"1.6","","","","","","","5239","5239","5239","0.725","0.725","0.725","10479","10479","10479","1","1","1","10479","10479","10479","0.95","0.95","0.95","","","","","","","5239","5239","5239","0.9625","0.9625","0.9625","10479","10479","10479","1","1","1","10479","10479","10479","1","1","1"
"1.62","","","","","","","","","","","","","10610","10610","10610","0.9","0.9","0.9","10610","10610","10610","0.825","0.825","0.825","","","","","","","","","","","","","10610","10610","10610","0.875","0.875","0.875","10610","10610","10610","0.9","0.9","0.9"
"1.622754491017964","3536","3536","3536","0.5333333343267441","0.5333333343267441","0.5333333343267441","","","","","","","","","","","","","","","","","","","3536","3536","3536","0.6416666716337204","0.6416666716337204","0.6416666716337204","","","","","","","","","","","","","","","","","",""
"1.6400000000000001","","","","","","","5370","5370","5370","0.65","0.65","0.65","10741","10741","10741","0.9","0.9","0.9","10741","10741","10741","0.7","0.7","0.7","","","","","","","5370","5370","5370","0.875","0.875","0.875","10741","10741","10741","0.9","0.9","0.9","10741","10741","10741","0.9","0.9","0.9"
"1.6600000000000001","","","","","","","","","","","","","10872","10872","10872","1","1","1","10872","10872","10872","0.9","0.9","0.9","","","","","","","","","","","","","10872","10872","10872","1","1","1","10872","10872","10872","1","1","1"
"1.6800000000000002","","","","","","","5501","5501","5501","0.7625","0.7625","0.7625","11003","11003","11003","1","1","1","11003","11003","11003","0.95","0.95","0.95","","","","","","","5501","5501","5501","0.975","0.975","0.975","11003","11003","11003","1","1","1","11003","11003","11003","1","1","1"
"1.6826347305389222","3667","3667","3667","0.5416666626930237","0.5416666626930237","0.5416666626930237","","","","","","","","","","","","","","","","","","","3667","3667","3667","0.6249999910593033","0.6249999910593033","0.6249999910593033","","","","","","","","","","","","","","","","","",""
"1.7","","","","","","","","","","","","","11134","11134","11134","0.85","0.85","0.85","11134","11134","11134","0.65","0.65","0.65","","","","","","","","","","","","","11134","11134","11134","0.775","0.775","0.775","11134","11134","11134","0.775","0.775","0.775"
"1.72","","","","","","","5632","5632","5632","0.7625","0.7625","0.7625","11265","11265","11265","0.975","0.975","0.975","11265","11265","11265","0.95","0.95","0.95","","","","","","","5632","5632","5632","0.85","0.85","0.85","11265","11265","11265","1","1","1","11265","11265","11265","1","1","1"
"1.74","","","","","","","","","","","","","11396","11396","11396","0.925","0.925","0.925","11396","11396","11396","0.9","0.9","0.9","","","","","","","","","","","","","11396","11396","11396","0.9","0.9","0.9","11396","11396","11396","0.9","0.9","0.9"
"1.7425149700598803","3798","3798","3798","0.4999999962747097","0.4999999962747097","0.4999999962747097","","","","","","","","","","","","","","","","","","","3798","3798","3798","0.6500000059604645","0.6500000059604645","0.6500000059604645","","","","","","","","","","","","","","","","","",""
"1.76","","","","","","","5763","5763","5763","0.8125","0.8125","0.8125","11527","11527","11527","0.975","0.975","0.975","11527","11527","11527","0.95","0.95","0.95","","","","","","","5763","5763","5763","0.95","0.95","0.95","11527","11527","11527","1","1","1","11527","11527","11527","1","1","1"
"1.78","","","","","","","","","","","","","11658","11658","11658","1","1","1","11658","11658","11658","1","1","1","","","","","","","","","","","","","11658","11658","11658","1","1","1","11658","11658","11658","1","1","1"
"1.8","","","","","","","5894","5894","5894","0.8125","0.8125","0.8125","11789","11789","11789","0.975","0.975","0.975","11789","11789","11789","1","1","1","","","","","","","5894","5894","5894","0.975","0.975","0.975","11789","11789","11789","1","1","1","11789","11789","11789","1","1","1"
"1.8023952095808382","3929","3929","3929","0.43333332762122156","0.43333332762122156","0.43333332762122156","","","","","","","","","","","","","","","","","","","3929","3929","3929","0.725","0.725","0.725","","","","","","","","","","","","","","","","","",""
"1.8199999999999998","","","","","","","","","","","","","11920","11920","11920","1","1","1","11920","11920","11920","0.875","0.875","0.875","","","","","","","","","","","","","11920","11920","11920","1","1","1","11920","11920","11920","1","1","1"
"1.8399999999999999","","","","","","","6025","6025","6025","0.775","0.775","0.775","12051","12051","12051","1","1","1","12051","12051","12051","0.975","0.975","0.975","","","","","","","6025","6025","6025","0.9625","0.9625","0.9625","12051","12051","12051","0.975","0.975","0.975","12051","12051","12051","0.925","0.925","0.925"
"1.8599999999999999","","","","","","","","","","","","","12182","12182","12182","0.925","0.925","0.925","12182","12182","12182","0.85","0.85","0.85","","","","","","","","","","","","","12182","12182","12182","0.95","0.95","0.95","12182","12182","12182","1","1","1"
"1.8622754491017965","4060","4060","4060","0.5166666597127915","0.5166666597127915","0.5166666597127915","","","","","","","","","","","","","","","","","","","4060","4060","4060","0.6833333313465119","0.6833333313465119","0.6833333313465119","","","","","","","","","","","","","","","","","",""
"1.88","","","","","","","6156","6156","6156","0.7875","0.7875","0.7875","12313","12313","12313","1","1","1","12313","12313","12313","0.9","0.9","0.9","","","","","","","6156","6156","6156","0.975","0.975","0.975","12313","12313","12313","1","1","1","12313","12313","12313","1","1","1"
"1.9","","","","","","","","","","","","","12444","12444","12444","1","1","1","12444","12444","12444","0.925","0.925","0.925","","","","","","","","","","","","","12444","12444","12444","0.95","0.95","0.95","12444","12444","12444","1","1","1"
"1.92","","","","","","","6287","6287","6287","0.7375","0.7375","0.7375","12575","12575","12575","1","1","1","12575","12575","12575","0.95","0.95","0.95","","","","","","","6287","6287","6287","0.9625","0.9625","0.9625","12575","12575","12575","0.975","0.975","0.975","12575","12575","12575","1","1","1"
"1.9221556886227544","4191","4191","4191","0.47499999925494196","0.47499999925494196","0.47499999925494196","","","","","","","","","","","","","","","","","","","4191","4191","4191","0.775","0.775","0.775","","","","","","","","","","","","","","","","","",""
"1.94","","","","","","","","","","","","","12706","12706","12706","0.975","0.975","0.975","12706","12706","12706","0.975","0.975","0.975","","","","","","","","","","","","","12706","12706","12706","0.975","0.975","0.975","12706","12706","12706","1","1","1"
"1.96","","","","","","","6418","6418","6418","0.775","0.775","0.775","12837","12837","12837","1","1","1","12837","12837","12837","1","1","1","","","","","","","6418","6418","6418","0.95","0.95","0.95","12837","12837","12837","0.975","0.975","0.975","12837","12837","12837","1","1","1"
"1.98","","","","","","","","","","","","","12968","12968","12968","0.9","0.9","0.9","12968","12968","12968","0.8","0.8","0.8","","","","","","","","","","","","","12968","12968","12968","0.875","0.875","0.875","12968","12968","12968","0.9","0.9","0.9"
"1.9820359281437125","4322","4322","4322","0.39166666492819785","0.39166666492819785","0.39166666492819785","","","","","","","","","","","","","","","","","","","4322","4322","4322","0.6583333402872086","0.6583333402872086","0.6583333402872086","","","","","","","","","","","","","","","","","",""
"2","","","","","","","6549","6549","6549","0.4125","0.4125","0.4125","13099","13099","13099","1","1","1","13099","13099","13099","0.75","0.75","0.75","","","","","","","6549","6549","6549","0.8125","0.8125","0.8125","13099","13099","13099","0.925","0.925","0.925","13099","13099","13099","0.975","0.975","0.975"
"2.02","","","","","","","","","","","","","13230","13230","13230","1","1","1","13230","13230","13230","0.975","0.975","0.975","","","","","","","","","","","","","13230","13230","13230","1","1","1","13230","13230","13230","0.975","0.975","0.975"
"2.04","","","","","","","6680","6680","6680","0.7875","0.7875","0.7875","13361","13361","13361","0.9","0.9","0.9","13361","13361","13361","0.8","0.8","0.8","","","","","","","6680","6680","6680","0.975","0.975","0.975","13361","13361","13361","0.9","0.9","0.9","13361","13361","13361","0.9","0.9","0.9"
"2.0479041916167664","4453","4453","4453","0.441666666418314","0.441666666418314","0.441666666418314","","","","","","","","","","","","","","","","","","","4453","4453","4453","0.7916666686534881","0.7916666686534881","0.7916666686534881","","","","","","","","","","","","","","","","","",""
"2.06","","","","","","","","","","","","","13492","13492","13492","0.925","0.925","0.925","13492","13492","13492","0.8","0.8","0.8","","","","","","","","","","","","","13492","13492","13492","0.925","0.925","0.925","13492","13492","13492","0.9","0.9","0.9"
"2.08","","","","","","","6811","6811","6811","0.65","0.65","0.65","13623","13623","13623","1","1","1","13623","13623","13623","0.875","0.875","0.875","","","","","","","6811","6811","6811","0.8875","0.8875","0.8875","13623","13623","13623","0.9","0.9","0.9","13623","13623","13623","0.975","0.975","0.975"
"2.1","","","","","","","","","","","","","13754","13754","13754","1","1","1","13754","13754","13754","0.85","0.85","0.85","","","","","","","","","","","","","13754","13754","13754","1","1","1","13754","13754","13754","1","1","1"
"2.1077844311377247","4584","4584","4584","0.40833333134651184","0.40833333134651184","0.40833333134651184","","","","","","","","","","","","","","","","","","","4584","4584","4584","0.7916666686534881","0.7916666686534881","0.7916666686534881","","","","","","","","","","","","","","","","","",""
"2.12","","","","","","","6942","6942","6942","0.6875","0.6875","0.6875","13885","13885","13885","0.9","0.9","0.9","13885","13885","13885","0.725","0.725","0.725","","","","","","","6942","6942","6942","0.9375","0.9375","0.9375","13885","13885","13885","0.9","0.9","0.9","13885","13885","13885","0.9","0.9","0.9"
"2.14","","","","","","","","","","","","","14016","14016","14016","1","1","1","14016","14016","14016","0.85","0.85","0.85","","","","","","","","","","","","","14016","14016","14016","1","1","1","14016","14016","14016","1","1","1"
"2.16","","","","","","","7073","7073","7073","0.65","0.65","0.65","14147","14147","14147","1","1","1","14147","14147","14147","0.6","0.6","0.6","","","","","","","7073","7073","7073","0.8875","0.8875","0.8875","14147","14147","14147","0.9","0.9","0.9","14147","14147","14147","0.9","0.9","0.9"
"2.1676646706586826","4715","4715","4715","0.45833333432674406","0.45833333432674406","0.45833333432674406","","","","","","","","","","","","","","","","","","","4715","4715","4715","0.8833333313465118","0.8833333313465118","0.8833333313465118","","","","","","","","","","","","","","","","","",""
"2.18","","","","","","","","","","","","","14278","14278","14278","0.975","0.975","0.975","14278","14278","14278","0.75","0.75","0.75","","","","","","","","","","","","","14278","14278","14278","1","1","1","14278","14278","14278","0.975","0.975","0.975"
"2.2","","","","","","","7204","7204","7204","0.6125","0.6125","0.6125","14409","14409","14409","1","1","1","14409","14409","14409","0.65","0.65","0.65","","","","","","","7204","7204","7204","0.9375","0.9375","0.9375","14409","14409","14409","0.925","0.925","0.925","14409","14409","14409","1","1","1"
"2.22","","","","","","","","","","","","","14540","14540","14540","0.975","0.975","0.975","14540","14540","14540","0.95","0.95","0.95","","","","","","","","","","","","","14540","14540","14540","1","1","1","14540","14540","14540","1","1","1"
"2.2275449101796405","4846","4846","4846","0.4749999940395355","0.4749999940395355","0.4749999940395355","","","","","","","","","","","","","","","","","","","4846","4846","4846","0.9000000059604645","0.9000000059604645","0.9000000059604645","","","","","","","","","","","","","","","","","",""
"2.24","","","","","","","7335","7335","7335","0.8625","0.8625","0.8625","14671","14671","14671","1","1","1","14671","14671","14671","0.825","0.825","0.825","","","","","","","7335","7335","7335","1","1","1","14671","14671","14671","1","1","1","14671","14671","14671","1","1","1"
"2.26","","","","","","","","","","","","","14802","14802","14802","1","1","1","14802","14802","14802","0.9","0.9","0.9","","","","","","","","","","","","","14802","14802","14802","1","1","1","14802","14802","14802","1","1","1"
"2.2800000000000002","","","","","","","7466","7466","7466","0.7","0.7","0.7","14933","14933","14933","0.95","0.95","0.95","14933","14933","14933","0.775","0.775","0.775","","","","","","","7466","7466","7466","0.9375","0.9375","0.9375","14933","14933","14933","0.975","0.975","0.975","14933","14933","14933","0.95","0.95","0.95"
"2.287425149700599","4977","4977","4977","0.5249999970197677","0.5249999970197677","0.5249999970197677","","","","","","","","","","","","","","","","","","","4977","4977","4977","0.9083333373069763","0.9083333373069763","0.9083333373069763","","","","","","","","","","","","","","","","","",""
"2.3","","","","","","","","","","","","","15064","15064","15064","1","1","1","15064","15064","15064","0.875","0.875","0.875","","","","","","","","","","","","","15064","15064","15064","0.975","0.975","0.975","15064","15064","15064","1","1","1"
"2.32","","","","","","","7597","7597","7597","0.6","0.6","0.6","15195","15195","15195","1","1","1","15195","15195","15195","0.65","0.65","0.65","","","","","","","7597","7597","7597","0.8875","0.8875","0.8875","15195","15195","15195","0.975","0.975","0.975","15195","15195","15195","1","1","1"
"2.34","","","","","","","","","","","","","15326","15326","15326","1","1","1","15326","15326","15326","0.95","0.95","0.95","","","","","","","","","","","","","15326","15326","15326","1","1","1","15326","15326","15326","0.975","0.975","0.975"
"2.3473053892215567","5108","5108","5108","0.46666666567325593","0.46666666567325593","0.46666666567325593","","","","","","","","","","","","","","","","","","","5108","5108","5108","0.7666666656732559","0.7666666656732559","0.7666666656732559","","","","","","","","","","","","","","","","","",""
"2.36","","","","","","","7728","7728","7728","0.7125","0.7125","0.7125","15457","15457","15457","1","1","1","15457","15457","15457","0.9","0.9","0.9","","","","","","","7728","7728","7728","0.975","0.975","0.975","15457","15457","15457","0.975","0.975","0.975","15457","15457","15457","1","1","1"
"2.38","","","","","","","","","","","","","15588","15588","15588","1","1","1","15588","15588","15588","0.875","0.875","0.875","","","","","","","","","","","","","15588","15588","15588","1","1","1","15588","15588","15588","1","1","1"
"2.4","","","","","","","7859","7859","7859","0.8","0.8","0.8","15719","15719","15719","1","1","1","15719","15719","15719","0.875","0.875","0.875","","","","","","","7859","7859","7859","0.975","0.975","0.975","15719","15719","15719","1","1","1","15719","15719","15719","1","1","1"
"2.407185628742515","5239","5239","5239","0.43333333283662795","0.43333333283662795","0.43333333283662795","","","","","","","","","","","","","","","","","","","5239","5239","5239","0.925","0.925","0.925","","","","","","","","","","","","","","","","","",""
"2.42","","","","","","","","","","","","","15850","15850","15850","0.975","0.975","0.975","15850","15850","15850","0.725","0.725","0.725","","","","","","","","","","","","","15850","15850","15850","1","1","1","15850","15850","15850","1","1","1"
"2.44","","","","","","","7990","7990","7990","0.6375","0.6375","0.6375","15981","15981","15981","0.9","0.9","0.9","15981","15981","15981","0.775","0.775","0.775","","","","","","","7990","7990","7990","0.875","0.875","0.875","15981","15981","15981","0.875","0.875","0.875","15981","15981","15981","0.9","0.9","0.9"
"2.46","","","","","","","","","","","","","16112","16112","16112","1","1","1","16112","16112","16112","0.975","0.975","0.975","","","","","","","","","","","","","16112","16112","16112","1","1","1","16112","16112","16112","1","1","1"
"2.467065868263473","5370","5370","5370","0.40833333432674407","0.40833333432674407","0.40833333432674407","","","","","","","","","","","","","","","","","","","5370","5370","5370","0.8750000059604645","0.8750000059604645","0.8750000059604645","","","","","","","","","","","","","","","","","",""
"2.48","","","","","","","8121","8121","8121","0.8125","0.8125","0.8125","16243","16243","16243","0.9","0.9","0.9","16243","16243","16243","0.925","0.925","0.925","","","","","","","8121","8121","8121","0.9375","0.9375","0.9375","16243","16243","16243","0.875","0.875","0.875","16243","16243","16243","0.925","0.925","0.925"
"2.5","","","","","","","","","","","","","16374","16374","16374","0.9","0.9","0.9","16374","16374","16374","0.725","0.725","0.725","","","","","","","","","","","","","16374","16374","16374","0.9","0.9","0.9","16374","16374","16374","0.9","0.9","0.9"
"2.52","","","","","","","8252","8252","8252","0.675","0.675","0.675","16505","16505","16505","0.9","0.9","0.9","16505","16505","16505","0.8","0.8","0.8","","","","","","","8252","8252","8252","0.8625","0.8625","0.8625","16505","16505","16505","0.9","0.9","0.9","16505","16505","16505","0.925","0.925","0.925"
"2.5269461077844313","5501","5501","5501","0.3666666619479656","0.3666666619479656","0.3666666619479656","","","","","","","","","","","","","","","","","","","5501","5501","5501","0.7833333402872086","0.7833333402872086","0.7833333402872086","","","","","","","","","","","","","","","","","",""
"2.54","","","","","","","","","","","","","16636","16636","16636","1","1","1","16636","16636","16636","0.85","0.85","0.85","","","","","","","","","","","","","16636","16636","16636","1","1","1","16636","16636","16636","1","1","1"
"2.56","","","","","","","8383","8383","8383","0.7125","0.7125","0.7125","16767","16767","16767","0.975","0.975","0.975","16767","16767","16767","0.925","0.925","0.925","","","","","","","8383","8383","8383","0.9625","0.9625","0.9625","16767","16767","16767","1","1","1","16767","16767","16767","0.975","0.975","0.975"
"2.58","","","","","","","","","","","","","16898","16898","16898","1","1","1","16898","16898","16898","0.7","0.7","0.7","","","","","","","","","","","","","16898","16898","16898","1","1","1","16898","16898","16898","1","1","1"
"2.586826347305389","5632","5632","5632","0.41666666269302366","0.41666666269302366","0.41666666269302366","","","","","","","","","","","","","","","","","","","5632","5632","5632","0.8083333402872086","0.8083333402872086","0.8083333402872086","","","","","","","","","","","","","","","","","",""
"2.6","","","","","","","8514","8514","8514","0.75","0.75","0.75","17029","17029","17029","1","1","1","17029","17029","17029","0.85","0.85","0.85","","","","","","","8514","8514","8514","0.9375","0.9375","0.9375","17029","17029","17029","0.975","0.975","0.975","17029","17029","17029","1","1","1"
"2.62","","","","","","","","","","","","","17160","17160","17160","0.95","0.95","0.95","17160","17160","17160","0.925","0.925","0.925","","","","","","","","","","","","","17160","17160","17160","1","1","1","17160","17160","17160","1","1","1"
"2.64","","","","","","","8645","8645","8645","0.825","0.825","0.825","17291","17291","17291","1","1","1","17291","17291","17291","0.925","0.925","0.925","","","","","","","8645","8645","8645","0.9875","0.9875","0.9875","17291","17291","17291","1","1","1","17291","17291","17291","1","1","1"
"2.6467065868263475","5763","5763","5763","0.5000000029802323","0.5000000029802323","0.5000000029802323","","","","","","","","","","","","","","","","","","","5763","5763","5763","0.8333333313465119","0.8333333313465119","0.8333333313465119","","","","","","","","","","","","","","","","","",""
"2.66","","","","","","","","","","","","","17422","17422","17422","1","1","1","17422","17422","17422","0.8","0.8","0.8","","","","","","","","","","","","","17422","17422","17422","1","1","1","17422","17422","17422","1","1","1"
"2.68","","","","","","","8776","8776","8776","0.675","0.675","0.675","17553","17553","17553","0.975","0.975","0.975","17553","17553","17553","0.875","0.875","0.875","","","","","","","8776","8776","8776","1","1","1","17553","17553","17553","1","1","1","17553","17553","17553","1","1","1"
"2.7","","","","","","","","","","","","","17684","17684","17684","0.9","0.9","0.9","17684","17684","17684","0.875","0.875","0.875","","","","","","","","","","","","","17684","17684","17684","0.95","0.95","0.95","17684","17684","17684","0.95","0.95","0.95"
"2.7065868263473054","5894","5894","5894","0.4333333320915699","0.4333333320915699","0.4333333320915699","","","","","","","","","","","","","","","","","","","5894","5894","5894","0.9083333373069763","0.9083333373069763","0.9083333373069763","","","","","","","","","","","","","","","","","",""
"2.7199999999999998","","","","","","","8907","8907","8907","0.7375","0.7375","0.7375","17815","17815","17815","1","1","1","17815","17815","17815","0.65","0.65","0.65","","","","","","","8907","8907","8907","0.8875","0.8875","0.8875","17815","17815","17815","0.975","0.975","0.975","17815","17815","17815","1","1","1"
"2.74","","","","","","","","","","","","","17946","17946","17946","0.9","0.9","0.9","17946","17946","17946","0.85","0.85","0.85","","","","","","","","","","","","","17946","17946","17946","0.9","0.9","0.9","17946","17946","17946","0.925","0.925","0.925"
"2.76","","","","","","","9038","9038","9038","0.7","0.7","0.7","18077","18077","18077","0.85","0.85","0.85","18077","18077","18077","0.675","0.675","0.675","","","","","","","9038","9038","9038","0.75","0.75","0.75","18077","18077","18077","0.675","0.675","0.675","18077","18077","18077","0.75","0.75","0.75"
"2.7664670658682633","6025","6025","6025","0.4083333373069763","0.4083333373069763","0.4083333373069763","","","","","","","","","","","","","","","","","","","6025","6025","6025","0.7666666656732559","0.7666666656732559","0.7666666656732559","","","","","","","","","","","","","","","","","",""
"2.7800000000000002","","","","","","","","","","","","","18208","18208","18208","0.875","0.875","0.875","18208","18208","18208","0.85","0.85","0.85","","","","","","","","","","","","","18208","18208","18208","0.9","0.9","0.9","18208","18208","18208","0.875","0.875","0.875"
"2.8","","","","","","","9169","9169","9169","0.7","0.7","0.7","18339","18339","18339","1","1","1","18339","18339","18339","0.775","0.775","0.775","","","","","","","9169","9169","9169","0.875","0.875","0.875","18339","18339","18339","0.975","0.975","0.975","18339","18339","18339","1","1","1"
"2.82","","","","","","","","","","","","","18470","18470","18470","0.9","0.9","0.9","18470","18470","18470","0.6","0.6","0.6","","","","","","","","","","","","","18470","18470","18470","0.9","0.9","0.9","18470","18470","18470","0.9","0.9","0.9"
"2.8263473053892216","6156","6156","6156","0.44166665971279145","0.44166665971279145","0.44166665971279145","","","","","","","","","","","","","","","","","","","6156","6156","6156","0.7666666656732559","0.7666666656732559","0.7666666656732559","","","","","","","","","","","","","","","","","",""
"2.84","","","","","","","9300","9300","9300","0.825","0.825","0.825","18601","18601","18601","0.975","0.975","0.975","18601","18601","18601","0.875","0.875","0.875","","","","","","","9300","9300","9300","0.8875","0.8875","0.8875","18601","18601","18601","1","1","1","18601","18601","18601","1","1","1"
"2.86","","","","","","","","","","","","","18732","18732","18732","1","1","1","18732","18732","18732","0.85","0.85","0.85","","","","","","","","","","","","","18732","18732","18732","1","1","1","18732","18732","18732","1","1","1"
"2.88","","","","","","","9431","9431","9431","0.8125","0.8125","0.8125","18863","18863","18863","1","1","1","18863","18863","18863","0.825","0.825","0.825","","","","","","","9431","9431","9431","0.95","0.95","0.95","18863","18863","18863","1","1","1","18863","18863","18863","1","1","1"
"2.8862275449101795","6287","6287","6287","0.5083333358168602","0.5083333358168602","0.5083333358168602","","","","","","","","","","","","","","","","","","","6287","6287","6287","0.9000000059604645","0.9000000059604645","0.9000000059604645","","","","","","","","","","","","","","","","","",""
"2.9","","","","","","","","","","","","","18994","18994","18994","0.9","0.9","0.9","18994","18994","18994","0.65","0.65","0.65","","","","","","","","","","","","","18994","18994","18994","0.9","0.9","0.9","18994","18994","18994","0.875","0.875","0.875"
"2.92","","","","","","","9562","9562","9562","0.65","0.65","0.65","19125","19125","19125","0.9","0.9","0.9","19125","19125","19125","0.775","0.775","0.775","","","","","","","9562","9562","9562","0.85","0.85","0.85","19125","19125","19125","0.9","0.9","0.9","19125","19125","19125","0.9","0.9","0.9"
"2.94","","","","","","","","","","","","","19256","19256","19256","0.975","0.975","0.975","19256","19256","19256","0.85","0.85","0.85","","","","","","","","","","","","","19256","19256","19256","1","1","1","19256","19256","19256","1","1","1"
"2.946107784431138","6418","6418","6418","0.3416666679084301","0.3416666679084301","0.3416666679084301","","","","","","","","","","","","","","","","","","","6418","6418","6418","0.7916666686534881","0.7916666686534881","0.7916666686534881","","","","","","","","","","","","","","","","","",""
"2.96","","","","","","","9693","9693","9693","0.6375","0.6375","0.6375","19387","19387","19387","0.975","0.975","0.975","19387","19387","19387","0.85","0.85","0.85","","","","","","","9693","9693","9693","1","1","1","19387","19387","19387","1","1","1","19387","19387","19387","1","1","1"
"2.98","","","","","","","","","","","","","19518","19518","19518","1","1","1","19518","19518","19518","0.8","0.8","0.8","","","","","","","","","","","","","19518","19518","19518","1","1","1","19518","19518","19518","1","1","1"
"3","","","","","","","9824","9824","9824","0.65","0.65","0.65","19649","19649","19649","1","1","1","19649","19649","19649","0.775","0.775","0.775","","","","","","","9824","9824","9824","0.975","0.975","0.975","19649","19649","19649","0.925","0.925","0.925","19649","19649","19649","0.95","0.95","0.95"
"3.0119760479041915","6549","6549","6549","0.4333333343267441","0.4333333343267441","0.4333333343267441","","","","","","","","","","","","","","","","","","","6549","6549","6549","0.9166666746139527","0.9166666746139527","0.9166666746139527","","","","","","","","","","","","","","","","","",""
"3.02","","","","","","","","","","","","","19780","19780","19780","0.975","0.975","0.975","19780","19780","19780","0.925","0.925","0.925","","","","","","","","","","","","","19780","19780","19780","0.975","0.975","0.975","19780","19780","19780","0.925","0.925","0.925"
"3.04","","","","","","","9955","9955","9955","0.6375","0.6375","0.6375","19911","19911","19911","1","1","1","19911","19911","19911","0.95","0.95","0.95","","","","","","","9955","9955","9955","0.9625","0.9625","0.9625","19911","19911","19911","1","1","1","19911","19911","19911","1","1","1"
"3.06","","","","","","","","","","","","","20042","20042","20042","0.925","0.925","0.925","20042","20042","20042","0.775","0.775","0.775","","","","","","","","","","","","","20042","20042","20042","1","1","1","20042","20042","20042","0.9","0.9","0.9"
"3.07185628742515","6680","6680","6680","0.3999999985098839","0.3999999985098839","0.3999999985098839","","","","","","","","","","","","","","","","","","","6680","6680","6680","0.7166666768491268","0.7166666768491268","0.7166666768491268","","","","","","","","","","","","","","","","","",""
"3.08","","","","","","","10086","10086","10086","0.7","0.7","0.7","20173","20173","20173","1","1","1","20173","20173","20173","0.825","0.825","0.825","","","","","","","10086","10086","10086","0.925","0.925","0.925","20173","20173","20173","1","1","1","20173","20173","20173","1","1","1"
"3.1","","","","","","","","","","","","","20304","20304","20304","0.9","0.9","0.9","20304","20304","20304","0.8","0.8","0.8","","","","","","","","","","","","","20304","20304","20304","0.9","0.9","0.9","20304","20304","20304","0.9","0.9","0.9"
"3.12","","","","","","","10217","10217","10217","0.65","0.65","0.65","20435","20435","20435","0.9","0.9","0.9","20435","20435","20435","0.725","0.725","0.725","","","","","","","10217","10217","10217","0.8875","0.8875","0.8875","20435","20435","20435","0.9","0.9","0.9","20435","20435","20435","0.9","0.9","0.9"
"3.1317365269461077","6811","6811","6811","0.40833333134651184","0.40833333134651184","0.40833333134651184","","","","","","","","","","","","","","","","","","","6811","6811","6811","0.775","0.775","0.775","","","","","","","","","","","","","","","","","",""
"3.14","","","","","","","","","","","","","20566","20566","20566","1","1","1","20566","20566","20566","0.825","0.825","0.825","","","","","","","","","","","","","20566","20566","20566","0.925","0.925","0.925","20566","20566","20566","1","1","1"
"3.16","","","","","","","10348","10348","10348","0.7125","0.7125","0.7125","20697","20697","20697","0.925","0.925","0.925","20697","20697","20697","0.9","0.9","0.9","","","","","","","10348","10348","10348","0.825","0.825","0.825","20697","20697","20697","0.85","0.85","0.85","20697","20697","20697","0.9","0.9","0.9"
"3.18","","","","","","","","","","","","","20828","20828","20828","1","1","1","20828","20828","20828","0.85","0.85","0.85","","","","","","","","","","","","","20828","20828","20828","1","1","1","20828","20828","20828","1","1","1"
"3.191616766467066","6942","6942","6942","0.49166666343808174","0.49166666343808174","0.49166666343808174","","","","","","","","","","","","","","","","","","","6942","6942","6942","0.8416666656732559","0.8416666656732559","0.8416666656732559","","","","","","","","","","","","","","","","","",""
"3.2","","","","","","","10479","10479","10479","0.7875","0.7875","0.7875","20959","20959","20959","1","1","1","20959","20959","20959","0.875","0.875","0.875","","","","","","","10479","10479","10479","0.95","0.95","0.95","20959","20959","20959","0.95","0.95","0.95","20959","20959","20959","1","1","1"
"3.22","","","","","","","","","","","","","21090","21090","21090","1","1","1","21090","21090","21090","0.85","0.85","0.85","","","","","","","","","","","","","21090","21090","21090","1","1","1","21090","21090","21090","1","1","1"
"3.24","","","","","","","10610","10610","10610","0.6625","0.6625","0.6625","21221","21221","21221","0.925","0.925","0.925","21221","21221","21221","0.8","0.8","0.8","","","","","","","10610","10610","10610","0.925","0.925","0.925","21221","21221","21221","0.925","0.925","0.925","21221","21221","21221","0.925","0.925","0.925"
"3.251497005988024","7073","7073","7073","0.5166666626930236","0.5166666626930236","0.5166666626930236","","","","","","","","","","","","","","","","","","","7073","7073","7073","0.8833333373069763","0.8833333373069763","0.8833333373069763","","","","","","","","","","","","","","","","","",""
"3.26","","","","","","","","","","","","","21352","21352","21352","1","1","1","21352","21352","21352","0.925","0.925","0.925","","","","","","","","","","","","","21352","21352","21352","1","1","1","21352","21352","21352","1","1","1"
"3.2800000000000002","","","","","","","10741","10741","10741","0.7125","0.7125","0.7125","21483","21483","21483","0.875","0.875","0.875","21483","21483","21483","0.75","0.75","0.75","","","","","","","10741","10741","10741","0.925","0.925","0.925","21483","21483","21483","0.9","0.9","0.9","21483","21483","21483","0.9","0.9","0.9"
"3.3","","","","","","","","","","","","","21614","21614","21614","0.85","0.85","0.85","21614","21614","21614","0.775","0.775","0.775","","","","","","","","","","","","","21614","21614","21614","0.9","0.9","0.9","21614","21614","21614","0.85","0.85","0.85"
"3.3113772455089823","7204","7204","7204","0.408333333581686","0.408333333581686","0.408333333581686","","","","","","","","","","","","","","","","","","","7204","7204","7204","0.8416666746139526","0.8416666746139526","0.8416666746139526","","","","","","","","","","","","","","","","","",""
"3.32","","","","","","","10872","10872","10872","0.7125","0.7125","0.7125","21745","21745","21745","1","1","1","21745","21745","21745","0.9","0.9","0.9","","","","","","","10872","10872","10872","0.9","0.9","0.9","21745","21745","21745","1","1","1","21745","21745","21745","1","1","1"
"3.34","","","","","","","","","","","","","21876","21876","21876","1","1","1","21876","21876","21876","0.95","0.95","0.95","","","","","","","","","","","","","21876","21876","21876","1","1","1","21876","21876","21876","1","1","1"
"3.36","","","","","","","11003","11003","11003","0.75","0.75","0.75","22007","22007","22007","0.925","0.925","0.925","22007","22007","22007","0.75","0.75","0.75","","","","","","","11003","11003","11003","0.95","0.95","0.95","22007","22007","22007","0.9","0.9","0.9","22007","22007","22007","0.9","0.9","0.9"
"3.37125748502994","7335","7335","7335","0.4166666641831398","0.4166666641831398","0.4166666641831398","","","","","","","","","","","","","","","","","","","7335","7335","7335","0.8750000029802323","0.8750000029802323","0.8750000029802323","","","","","","","","","","","","","","","","","",""
"3.38","","","","","","","","","","","","","22138","22138","22138","0.85","0.85","0.85","22138","22138","22138","0.725","0.725","0.725","","","","","","","","","","","","","22138","22138","22138","0.8","0.8","0.8","22138","22138","22138","0.8","0.8","0.8"
"3.4","","","","","","","11134","11134","11134","0.6","0.6","0.6","22269","22269","22269","1","1","1","22269","22269","22269","0.7","0.7","0.7","","","","","","","11134","11134","11134","0.9","0.9","0.9","22269","22269","22269","1","1","1","22269","22269","22269","1","1","1"
"3.42","","","","","","","","","","","","","22400","22400","22400","0.9","0.9","0.9","22400","22400","22400","0.8","0.8","0.8","","","","","","","","","","","","","22400","22400","22400","0.9","0.9","0.9","22400","22400","22400","0.875","0.875","0.875"
"3.431137724550898","7466","7466","7466","0.3166666679084301","0.3166666679084301","0.3166666679084301","","","","","","","","","","","","","","","","","","","7466","7466","7466","0.9000000029802322","0.9000000029802322","0.9000000029802322","","","","","","","","","","","","","","","","","",""
"3.44","","","","","","","11265","11265","11265","0.7375","0.7375","0.7375","22531","22531","22531","1","1","1","22531","22531","22531","0.925","0.925","0.925","","","","","","","11265","11265","11265","0.9375","0.9375","0.9375","22531","22531","22531","1","1","1","22531","22531","22531","1","1","1"
"3.46","","","","","","","","","","","","","22662","22662","22662","1","1","1","22662","22662","22662","0.825","0.825","0.825","","","","","","","","","","","","","22662","22662","22662","0.975","0.975","0.975","22662","22662","22662","1","1","1"
"3.48","","","","","","","11396","11396","11396","0.625","0.625","0.625","22793","22793","22793","0.95","0.95","0.95","22793","22793","22793","0.85","0.85","0.85","","","","","","","11396","11396","11396","0.925","0.925","0.925","22793","22793","22793","0.9","0.9","0.9","22793","22793","22793","0.975","0.975","0.975"
"3.4910179640718564","7597","7597","7597","0.4166666612029076","0.4166666612029076","0.4166666612029076","","","","","","","","","","","","","","","","","","","7597","7597","7597","0.850000011920929","0.850000011920929","0.850000011920929","","","","","","","","","","","","","","","","","",""
"3.5","","","","","","","","","","","","","22924","22924","22924","1","1","1","22924","22924","22924","0.95","0.95","0.95","","","","","","","","","","","","","22924","22924","22924","0.975","0.975","0.975","22924","22924","22924","1","1","1"
"3.52","","","","","","","11527","11527","11527","0.75","0.75","0.75","23055","23055","23055","1","1","1","23055","23055","23055","0.9","0.9","0.9","","","","","","","11527","11527","11527","0.9875","0.9875","0.9875","23055","23055","23055","1","1","1","23055","23055","23055","1","1","1"
"3.54","","","","","","","","","","","","","23186","23186","23186","1","1","1","23186","23186","23186","0.875","0.875","0.875","","","","","","","","","","","","","23186","23186","23186","1","1","1","23186","23186","23186","1","1","1"
"3.5508982035928143","7728","7728","7728","0.5416666567325592","0.5416666567325592","0.5416666567325592","","","","","","","","","","","","","","","","","","","7728","7728","7728","0.9166666686534881","0.9166666686534881","0.9166666686534881","","","","","","","","","","","","","","","","","",""
"3.56","","","","","","","11658","11658","11658","0.75","0.75","0.75","23317","23317","23317","1","1","1","23317","23317","23317","0.85","0.85","0.85","","","","","","","11658","11658","11658","0.9625","0.9625","0.9625","23317","23317","23317","1","1","1","23317","23317","23317","1","1","1"
"3.58","","","","","","","","","","","","","23448","23448","23448","1","1","1","23448","23448","23448","0.925","0.925","0.925","","","","","","","","","","","","","23448","23448","23448","0.95","0.95","0.95","23448","23448","23448","1","1","1"
"3.6","","","","","","","11789","11789","11789","0.8125","0.8125","0.8125","23579","23579","23579","1","1","1","23579","23579","23579","1","1","1","","","","","","","11789","11789","11789","0.9625","0.9625","0.9625","23579","23579","23579","0.975","0.975","0.975","23579","23579","23579","1","1","1"
"3.6107784431137726","7859","7859","7859","0.4916666656732559","0.4916666656732559","0.4916666656732559","","","","","","","","","","","","","","","","","","","7859","7859","7859","0.9333333373069763","0.9333333373069763","0.9333333373069763","","","","","","","","","","","","","","","","","",""
"3.62","","","","","","","","","","","","","23710","23710","23710","0.9","0.9","0.9","23710","23710","23710","0.825","0.825","0.825","","","","","","","","","","","","","23710","23710","23710","0.925","0.925","0.925","23710","23710","23710","0.9","0.9","0.9"
"3.64","","","","","","","11920","11920","11920","0.725","0.725","0.725","23841","23841","23841","1","1","1","23841","23841","23841","0.825","0.825","0.825","","","","","","","11920","11920","11920","0.9375","0.9375","0.9375","23841","23841","23841","1","1","1","23841","23841","23841","1","1","1"
"3.66","","","","","","","","","","","","","23972","23972","23972","1","1","1","23972","23972","23972","0.775","0.775","0.775","","","","","","","","","","","","","23972","23972","23972","0.9","0.9","0.9","23972","23972","23972","0.95","0.95","0.95"
"3.6706586826347305","7990","7990","7990","0.5083333402872086","0.5083333402872086","0.5083333402872086","","","","","","","","","","","","","","","","","","","7990","7990","7990","0.850000011920929","0.850000011920929","0.850000011920929","","","","","","","","","","","","","","","","","",""
"3.68","","","","","","","12051","12051","12051","0.7875","0.7875","0.7875","24103","24103","24103","0.9","0.9","0.9","24103","24103","24103","0.875","0.875","0.875","","","","","","","12051","12051","12051","0.8875","0.8875","0.8875","24103","24103","24103","0.9","0.9","0.9","24103","24103","24103","0.9","0.9","0.9"
"3.7","","","","","","","","","","","","","24234","24234","24234","0.875","0.875","0.875","24234","24234","24234","0.55","0.55","0.55","","","","","","","","","","","","","24234","24234","24234","0.875","0.875","0.875","24234","24234","24234","0.9","0.9","0.9"
"3.7199999999999998","","","","","","","12182","12182","12182","0.6125","0.6125","0.6125","24365","24365","24365","1","1","1","24365","24365","24365","0.725","0.725","0.725","","","","","","","12182","12182","12182","0.85","0.85","0.85","24365","24365","24365","0.925","0.925","0.925","24365","24365","24365","1","1","1"
"3.730538922155689","8121","8121","8121","0.4666666589677334","0.4666666589677334","0.4666666589677334","","","","","","","","","","","","","","","","","","","8121","8121","8121","0.7916666686534881","0.7916666686534881","0.7916666686534881","","","","","","","","","","","","","","","","","",""
"3.74","","","","","","","","","","","","","24496","24496","24496","1","1","1","24496","24496","24496","0.75","0.75","0.75","","","","","","","","","","","","","24496","24496","24496","0.975","0.975","0.975","24496","24496","24496","0.975","0.975","0.975"
"3.76","","","","","","","12313","12313","12313","0.8625","0.8625","0.8625","24627","24627","24627","1","1","1","24627","24627","24627","0.9","0.9","0.9","","","","","","","12313","12313","12313","0.9125","0.9125","0.9125","24627","24627","24627","1","1","1","24627","24627","24627","1","1","1"
"3.7800000000000002","","","","","","","","","","","","","24758","24758","24758","0.975","0.975","0.975","24758","24758","24758","0.8","0.8","0.8","","","","","","","","","","","","","24758","24758","24758","1","1","1","24758","24758","24758","0.975","0.975","0.975"
"3.7904191616766467","8252","8252","8252","0.4916666656732559","0.4916666656732559","0.4916666656732559","","","","","","","","","","","","","","","","","","","8252","8252","8252","0.9083333373069763","0.9083333373069763","0.9083333373069763","","","","","","","","","","","","","","","","","",""
"3.8","","","","","","","12444","12444","12444","0.7","0.7","0.7","24889","24889","24889","0.925","0.925","0.925","24889","24889","24889","0.85","0.85","0.85","","","","","","","12444","12444","12444","0.9375","0.9375","0.9375","24889","24889","24889","0.95","0.95","0.95","24889","24889","24889","0.95","0.95","0.95"
"3.82","","","","","","","","","","","","","25020","25020","25020","1","1","1","25020","25020","25020","0.7","0.7","0.7","","","","","","","","","","","","","25020","25020","25020","0.975","0.975","0.975","25020","25020","25020","1","1","1"
"3.84","","","","","","","12575","12575","12575","0.675","0.675","0.675","25151","25151","25151","0.975","0.975","0.975","25151","25151","25151","1","1","1","","","","","","","12575","12575","12575","0.9625","0.9625","0.9625","25151","25151","25151","1","1","1","25151","25151","25151","1","1","1"
"3.8502994011976046","8383","8383","8383","0.42499999701976776","0.42499999701976776","0.42499999701976776","","","","","","","","","","","","","","","","","","","8383","8383","8383","0.8583333373069764","0.8583333373069764","0.8583333373069764","","","","","","","","","","","","","","","","","",""
"3.86","","","","","","","","","","","","","25282","25282","25282","1","1","1","25282","25282","25282","0.8","0.8","0.8","","","","","","","","","","","","","25282","25282","25282","1","1","1","25282","25282","25282","1","1","1"
"3.88","","","","","","","12706","12706","12706","0.8375","0.8375","0.8375","25413","25413","25413","1","1","1","25413","25413","25413","0.9","0.9","0.9","","","","","","","12706","12706","12706","0.9375","0.9375","0.9375","25413","25413","25413","1","1","1","25413","25413","25413","1","1","1"
"3.9","","","","","","","","","","","","","25544","25544","25544","1","1","1","25544","25544","25544","0.875","0.875","0.875","","","","","","","","","","","","","25544","25544","25544","1","1","1","25544","25544","25544","1","1","1"
"3.910179640718563","8514","8514","8514","0.6083333313465118","0.6083333313465118","0.6083333313465118","","","","","","","","","","","","","","","","","","","8514","8514","8514","0.9166666686534881","0.9166666686534881","0.9166666686534881","","","","","","","","","","","","","","","","","",""
"3.92","","","","","","","12837","12837","12837","0.7375","0.7375","0.7375","25675","25675","25675","1","1","1","25675","25675","25675","0.85","0.85","0.85","","","","","","","12837","12837","12837","0.9875","0.9875","0.9875","25675","25675","25675","1","1","1","25675","25675","25675","1","1","1"
"3.94","","","","","","","","","","","","","25806","25806","25806","1","1","1","25806","25806","25806","0.9","0.9","0.9","","","","","","","","","","","","","25806","25806","25806","1","1","1","25806","25806","25806","0.975","0.975","0.975"
"3.96","","","","","","","12968","12968","12968","0.775","0.775","0.775","25937","25937","25937","1","1","1","25937","25937","25937","0.775","0.775","0.775","","","","","","","12968","12968","12968","0.975","0.975","0.975","25937","25937","25937","1","1","1","25937","25937","25937","1","1","1"
"3.970059880239521","8645","8645","8645","0.4583333395421505","0.4583333395421505","0.4583333395421505","","","","","","","","","","","","","","","","","","","8645","8645","8645","0.8583333373069764","0.8583333373069764","0.8583333373069764","","","","","","","","","","","","","","","","","",""
"3.98","","","","","","","","","","","","","26068","26068","26068","0.975","0.975","0.975","26068","26068","26068","0.8","0.8","0.8","","","","","","","","","","","","","26068","26068","26068","1","1","1","26068","26068","26068","1","1","1"
"3.9940119760479043","8698","8698","8698","0.3541666641831398","0.3541666641831398","0.3541666641831398","","","","","","","","","","","","","","","","","","","8698","8698","8698","0.7083333358168602","0.7083333358168602","0.7083333358168602","","","","","","","","","","","","","","","","","",""
"4","","","","","","","13099","13099","13099","0.7","0.7","0.7","26199","26199","26199","0.875","0.875","0.875","26199","26199","26199","0.65","0.65","0.65","","","","","","","13099","13099","13099","0.8625","0.8625","0.8625","26199","26199","26199","0.85","0.85","0.85","26199","26199","26199","0.9","0.9","0.9"