"train/epoch","Qwen/Qwen3-32B-low-format - _step","Qwen/Qwen3-32B-low-format - _step__MIN","Qwen/Qwen3-32B-low-format - _step__MAX","Qwen/Qwen3-32B-low-format - train/rewards/reward_starts_and_ends/mean","Qwen/Qwen3-32B-low-format - train/rewards/reward_starts_and_ends/mean__MIN","Qwen/Qwen3-32B-low-format - train/rewards/reward_starts_and_ends/mean__MAX","Qwen/Qwen3-14B-low-format - _step","Qwen/Qwen3-14B-low-format - _step__MIN","Qwen/Qwen3-14B-low-format - _step__MAX","Qwen/Qwen3-14B-low-format - train/rewards/reward_starts_and_ends/mean","Qwen/Qwen3-14B-low-format - train/rewards/reward_starts_and_ends/mean__MIN","Qwen/Qwen3-14B-low-format - train/rewards/reward_starts_and_ends/mean__MAX","Qwen/Qwen3-0.6B-low-format - _step","Qwen/Qwen3-0.6B-low-format - _step__MIN","Qwen/Qwen3-0.6B-low-format - _step__MAX","Qwen/Qwen3-0.6B-low-format - train/rewards/reward_starts_and_ends/mean","Qwen/Qwen3-0.6B-low-format - train/rewards/reward_starts_and_ends/mean__MIN","Qwen/Qwen3-0.6B-low-format - train/rewards/reward_starts_and_ends/mean__MAX","Qwen/Qwen3-4B-low-format - _step","Qwen/Qwen3-4B-low-format - _step__MIN","Qwen/Qwen3-4B-low-format - _step__MAX","Qwen/Qwen3-4B-low-format - train/rewards/reward_starts_and_ends/mean","Qwen/Qwen3-4B-low-format - train/rewards/reward_starts_and_ends/mean__MIN","Qwen/Qwen3-4B-low-format - train/rewards/reward_starts_and_ends/mean__MAX","Qwen/Qwen3-32B - _step","Qwen/Qwen3-32B - _step__MIN","Qwen/Qwen3-32B - _step__MAX","Qwen/Qwen3-32B - train/rewards/reward_starts_and_ends/mean","Qwen/Qwen3-32B - train/rewards/reward_starts_and_ends/mean__MIN","Qwen/Qwen3-32B - train/rewards/reward_starts_and_ends/mean__MAX","Qwen/Qwen3-14B - _step","Qwen/Qwen3-14B - _step__MIN","Qwen/Qwen3-14B - _step__MAX","Qwen/Qwen3-14B - train/rewards/reward_starts_and_ends/mean","Qwen/Qwen3-14B - train/rewards/reward_starts_and_ends/mean__MIN","Qwen/Qwen3-14B - train/rewards/reward_starts_and_ends/mean__MAX","Qwen/Qwen3-4B - _step","Qwen/Qwen3-4B - _step__MIN","Qwen/Qwen3-4B - _step__MAX","Qwen/Qwen3-4B - train/rewards/reward_starts_and_ends/mean","Qwen/Qwen3-4B - train/rewards/reward_starts_and_ends/mean__MIN","Qwen/Qwen3-4B - train/rewards/reward_starts_and_ends/mean__MAX","Qwen/Qwen3-0.6B - _step","Qwen/Qwen3-0.6B - _step__MIN","Qwen/Qwen3-0.6B - _step__MAX","Qwen/Qwen3-0.6B - train/rewards/reward_starts_and_ends/mean","Qwen/Qwen3-0.6B - train/rewards/reward_starts_and_ends/mean__MIN","Qwen/Qwen3-0.6B - train/rewards/reward_starts_and_ends/mean__MAX"
"0.02","","","","","","","","","","","","","130","130","130","0.325","0.325","0.325","130","130","130","0.9","0.9","0.9","","","","","","","","","","","","","130","130","130","0.875","0.875","0.875","130","130","130","0.275","0.275","0.275"
"0.04","","","","","","","130","130","130","0.9","0.9","0.9","261","261","261","0.35","0.35","0.35","261","261","261","0.825","0.825","0.825","","","","","","","130","130","130","0.9","0.9","0.9","261","261","261","0.9","0.9","0.9","261","261","261","0.2","0.2","0.2"
"0.059880239520958084","130","130","130","0.85","0.85","0.85","","","","","","","","","","","","","","","","","","","130","130","130","0.8416666686534882","0.8416666686534882","0.8416666686534882","","","","","","","","","","","","","","","","","",""
"0.06","","","","","","","","","","","","","392","392","392","0.15","0.15","0.15","392","392","392","0.9","0.9","0.9","","","","","","","","","","","","","392","392","392","0.875","0.875","0.875","392","392","392","0.125","0.125","0.125"
"0.08","","","","","","","261","261","261","0.8875","0.8875","0.8875","523","523","523","0.3","0.3","0.3","523","523","523","0.875","0.875","0.875","","","","","","","261","261","261","0.85","0.85","0.85","523","523","523","0.95","0.95","0.95","523","523","523","0.275","0.275","0.275"
"0.1","","","","","","","","","","","","","654","654","654","0.175","0.175","0.175","654","654","654","0.85","0.85","0.85","","","","","","","","","","","","","654","654","654","0.85","0.85","0.85","654","654","654","0.15","0.15","0.15"
"0.11976047904191617","261","261","261","0.875","0.875","0.875","","","","","","","","","","","","","","","","","","","261","261","261","0.8916666746139527","0.8916666746139527","0.8916666746139527","","","","","","","","","","","","","","","","","",""
"0.12","","","","","","","392","392","392","0.875","0.875","0.875","785","785","785","0.125","0.125","0.125","785","785","785","0.875","0.875","0.875","","","","","","","392","392","392","0.875","0.875","0.875","785","785","785","0.9","0.9","0.9","785","785","785","0.15","0.15","0.15"
"0.14","","","","","","","","","","","","","916","916","916","0.225","0.225","0.225","916","916","916","0.775","0.775","0.775","","","","","","","","","","","","","916","916","916","0.675","0.675","0.675","916","916","916","0.025","0.025","0.025"
"0.16","","","","","","","523","523","523","0.85","0.85","0.85","1047","1047","1047","0.25","0.25","0.25","1047","1047","1047","0.925","0.925","0.925","","","","","","","523","523","523","0.825","0.825","0.825","1047","1047","1047","0.95","0.95","0.95","1047","1047","1047","0","0","0"
"0.17964071856287425","392","392","392","0.8833333313465118","0.8833333313465118","0.8833333313465118","","","","","","","","","","","","","","","","","","","392","392","392","0.8666666686534882","0.8666666686534882","0.8666666686534882","","","","","","","","","","","","","","","","","",""
"0.18","","","","","","","","","","","","","1178","1178","1178","0.225","0.225","0.225","1178","1178","1178","0.85","0.85","0.85","","","","","","","","","","","","","1178","1178","1178","0.875","0.875","0.875","1178","1178","1178","0.1","0.1","0.1"
"0.2","","","","","","","654","654","654","0.9","0.9","0.9","1309","1309","1309","0.325","0.325","0.325","1309","1309","1309","0.9","0.9","0.9","","","","","","","654","654","654","0.9125","0.9125","0.9125","1309","1309","1309","0.95","0.95","0.95","1309","1309","1309","0.2","0.2","0.2"
"0.22","","","","","","","","","","","","","1440","1440","1440","0.2","0.2","0.2","1440","1440","1440","0.825","0.825","0.825","","","","","","","","","","","","","1440","1440","1440","0.875","0.875","0.875","1440","1440","1440","0.05","0.05","0.05"
"0.23952095808383234","523","523","523","0.8916666686534882","0.8916666686534882","0.8916666686534882","","","","","","","","","","","","","","","","","","","523","523","523","0.9416666626930237","0.9416666626930237","0.9416666626930237","","","","","","","","","","","","","","","","","",""
"0.24","","","","","","","785","785","785","0.9125","0.9125","0.9125","1571","1571","1571","0.35","0.35","0.35","1571","1571","1571","0.95","0.95","0.95","","","","","","","785","785","785","0.9","0.9","0.9","1571","1571","1571","0.9","0.9","0.9","1571","1571","1571","0.1","0.1","0.1"
"0.26","","","","","","","","","","","","","1702","1702","1702","0.375","0.375","0.375","1702","1702","1702","0.975","0.975","0.975","","","","","","","","","","","","","1702","1702","1702","0.9","0.9","0.9","1702","1702","1702","0.15","0.15","0.15"
"0.28","","","","","","","916","916","916","0.875","0.875","0.875","1833","1833","1833","0.425","0.425","0.425","1833","1833","1833","0.725","0.725","0.725","","","","","","","916","916","916","0.8875","0.8875","0.8875","1833","1833","1833","0.9","0.9","0.9","1833","1833","1833","0.025","0.025","0.025"
"0.2994011976047904","654","654","654","0.8666666686534882","0.8666666686534882","0.8666666686534882","","","","","","","","","","","","","","","","","","","654","654","654","0.9583333373069763","0.9583333373069763","0.9583333373069763","","","","","","","","","","","","","","","","","",""
"0.3","","","","","","","","","","","","","1964","1964","1964","0.425","0.425","0.425","1964","1964","1964","0.875","0.875","0.875","","","","","","","","","","","","","1964","1964","1964","1","1","1","1964","1964","1964","0.125","0.125","0.125"
"0.32","","","","","","","1047","1047","1047","0.8875","0.8875","0.8875","2095","2095","2095","0.275","0.275","0.275","2095","2095","2095","0.8","0.8","0.8","","","","","","","1047","1047","1047","0.875","0.875","0.875","2095","2095","2095","0.825","0.825","0.825","2095","2095","2095","0.075","0.075","0.075"
"0.34","","","","","","","","","","","","","2226","2226","2226","0.25","0.25","0.25","2226","2226","2226","0.875","0.875","0.875","","","","","","","","","","","","","2226","2226","2226","0.9","0.9","0.9","2226","2226","2226","0.025","0.025","0.025"
"0.3592814371257485","785","785","785","0.8499999940395355","0.8499999940395355","0.8499999940395355","","","","","","","","","","","","","","","","","","","785","785","785","0.8750000059604645","0.8750000059604645","0.8750000059604645","","","","","","","","","","","","","","","","","",""
"0.36","","","","","","","1178","1178","1178","0.8625","0.8625","0.8625","2357","2357","2357","0.325","0.325","0.325","2357","2357","2357","0.9","0.9","0.9","","","","","","","1178","1178","1178","0.9","0.9","0.9","2357","2357","2357","0.825","0.825","0.825","2357","2357","2357","0.025","0.025","0.025"
"0.38","","","","","","","","","","","","","2488","2488","2488","0.35","0.35","0.35","2488","2488","2488","1","1","1","","","","","","","","","","","","","2488","2488","2488","1","1","1","2488","2488","2488","0.125","0.125","0.125"
"0.4","","","","","","","1309","1309","1309","0.8875","0.8875","0.8875","2619","2619","2619","0.45","0.45","0.45","2619","2619","2619","0.925","0.925","0.925","","","","","","","1309","1309","1309","0.875","0.875","0.875","2619","2619","2619","0.825","0.825","0.825","2619","2619","2619","0.1","0.1","0.1"
"0.41916167664670656","916","916","916","0.8583333253860473","0.8583333253860473","0.8583333253860473","","","","","","","","","","","","","","","","","","","916","916","916","0.9416666686534881","0.9416666686534881","0.9416666686534881","","","","","","","","","","","","","","","","","",""
"0.42","","","","","","","","","","","","","2750","2750","2750","0.425","0.425","0.425","2750","2750","2750","0.65","0.65","0.65","","","","","","","","","","","","","2750","2750","2750","0.825","0.825","0.825","2750","2750","2750","0.1","0.1","0.1"
"0.44","","","","","","","1440","1440","1440","0.875","0.875","0.875","2881","2881","2881","0.575","0.575","0.575","2881","2881","2881","0.975","0.975","0.975","","","","","","","1440","1440","1440","0.8375","0.8375","0.8375","2881","2881","2881","0.975","0.975","0.975","2881","2881","2881","0.125","0.125","0.125"
"0.46","","","","","","","","","","","","","3012","3012","3012","0.425","0.425","0.425","3012","3012","3012","0.8","0.8","0.8","","","","","","","","","","","","","3012","3012","3012","0.775","0.775","0.775","3012","3012","3012","0.075","0.075","0.075"
"0.47904191616766467","1047","1047","1047","0.9","0.9","0.9","","","","","","","","","","","","","","","","","","","1047","1047","1047","0.9833333373069764","0.9833333373069764","0.9833333373069764","","","","","","","","","","","","","","","","","",""
"0.48","","","","","","","1571","1571","1571","0.925","0.925","0.925","3143","3143","3143","0.325","0.325","0.325","3143","3143","3143","0.825","0.825","0.825","","","","","","","1571","1571","1571","0.9","0.9","0.9","3143","3143","3143","0.9","0.9","0.9","3143","3143","3143","0.1","0.1","0.1"
"0.5","","","","","","","","","","","","","3274","3274","3274","0.45","0.45","0.45","3274","3274","3274","0.625","0.625","0.625","","","","","","","","","","","","","3274","3274","3274","0.65","0.65","0.65","3274","3274","3274","0.1","0.1","0.1"
"0.52","","","","","","","1702","1702","1702","0.7","0.7","0.7","3405","3405","3405","0.475","0.475","0.475","3405","3405","3405","0.85","0.85","0.85","","","","","","","1702","1702","1702","0.775","0.775","0.775","3405","3405","3405","0.825","0.825","0.825","3405","3405","3405","0.15","0.15","0.15"
"0.5389221556886228","1178","1178","1178","0.8249999970197678","0.8249999970197678","0.8249999970197678","","","","","","","","","","","","","","","","","","","1178","1178","1178","0.8666666716337204","0.8666666716337204","0.8666666716337204","","","","","","","","","","","","","","","","","",""
"0.54","","","","","","","","","","","","","3536","3536","3536","0.4","0.4","0.4","3536","3536","3536","0.875","0.875","0.875","","","","","","","","","","","","","3536","3536","3536","0.9","0.9","0.9","3536","3536","3536","0.2","0.2","0.2"
"0.56","","","","","","","1833","1833","1833","0.8875","0.8875","0.8875","3667","3667","3667","0.45","0.45","0.45","3667","3667","3667","0.925","0.925","0.925","","","","","","","1833","1833","1833","0.8875","0.8875","0.8875","3667","3667","3667","0.95","0.95","0.95","3667","3667","3667","0.1","0.1","0.1"
"0.58","","","","","","","","","","","","","3798","3798","3798","0.325","0.325","0.325","3798","3798","3798","0.8","0.8","0.8","","","","","","","","","","","","","3798","3798","3798","0.8","0.8","0.8","3798","3798","3798","0.075","0.075","0.075"
"0.5988023952095808","1309","1309","1309","0.7999999940395355","0.7999999940395355","0.7999999940395355","","","","","","","","","","","","","","","","","","","1309","1309","1309","0.8833333373069763","0.8833333373069763","0.8833333373069763","","","","","","","","","","","","","","","","","",""
"0.6","","","","","","","1964","1964","1964","0.8625","0.8625","0.8625","3929","3929","3929","0.25","0.25","0.25","3929","3929","3929","0.85","0.85","0.85","","","","","","","1964","1964","1964","0.825","0.825","0.825","3929","3929","3929","0.9","0.9","0.9","3929","3929","3929","0.125","0.125","0.125"
"0.62","","","","","","","","","","","","","4060","4060","4060","0.15","0.15","0.15","4060","4060","4060","0.95","0.95","0.95","","","","","","","","","","","","","4060","4060","4060","1","1","1","4060","4060","4060","0.075","0.075","0.075"
"0.64","","","","","","","2095","2095","2095","0.9375","0.9375","0.9375","4191","4191","4191","0.3","0.3","0.3","4191","4191","4191","0.9","0.9","0.9","","","","","","","2095","2095","2095","0.9125","0.9125","0.9125","4191","4191","4191","0.825","0.825","0.825","4191","4191","4191","0.175","0.175","0.175"
"0.6586826347305389","1440","1440","1440","0.9083333373069763","0.9083333373069763","0.9083333373069763","","","","","","","","","","","","","","","","","","","1440","1440","1440","0.9416666686534881","0.9416666686534881","0.9416666686534881","","","","","","","","","","","","","","","","","",""
"0.66","","","","","","","","","","","","","4322","4322","4322","0.45","0.45","0.45","4322","4322","4322","0.9","0.9","0.9","","","","","","","","","","","","","4322","4322","4322","0.85","0.85","0.85","4322","4322","4322","0.225","0.225","0.225"
"0.68","","","","","","","2226","2226","2226","0.875","0.875","0.875","4453","4453","4453","0.7","0.7","0.7","4453","4453","4453","0.95","0.95","0.95","","","","","","","2226","2226","2226","0.9","0.9","0.9","4453","4453","4453","0.975","0.975","0.975","4453","4453","4453","0.45","0.45","0.45"
"0.7","","","","","","","","","","","","","4584","4584","4584","0.65","0.65","0.65","4584","4584","4584","0.95","0.95","0.95","","","","","","","","","","","","","4584","4584","4584","0.9","0.9","0.9","4584","4584","4584","0.3","0.3","0.3"
"0.718562874251497","1571","1571","1571","0.8750000059604645","0.8750000059604645","0.8750000059604645","","","","","","","","","","","","","","","","","","","1571","1571","1571","0.9583333313465119","0.9583333313465119","0.9583333313465119","","","","","","","","","","","","","","","","","",""
"0.72","","","","","","","2357","2357","2357","0.9","0.9","0.9","4715","4715","4715","0.55","0.55","0.55","4715","4715","4715","0.95","0.95","0.95","","","","","","","2357","2357","2357","0.8875","0.8875","0.8875","4715","4715","4715","0.875","0.875","0.875","4715","4715","4715","0.275","0.275","0.275"
"0.74","","","","","","","","","","","","","4846","4846","4846","0.6","0.6","0.6","4846","4846","4846","0.85","0.85","0.85","","","","","","","","","","","","","4846","4846","4846","0.9","0.9","0.9","4846","4846","4846","0.45","0.45","0.45"
"0.76","","","","","","","2488","2488","2488","0.8625","0.8625","0.8625","4977","4977","4977","0.725","0.725","0.725","4977","4977","4977","0.95","0.95","0.95","","","","","","","2488","2488","2488","0.9375","0.9375","0.9375","4977","4977","4977","1","1","1","4977","4977","4977","0.55","0.55","0.55"
"0.7784431137724551","1702","1702","1702","0.9250000059604645","0.9250000059604645","0.9250000059604645","","","","","","","","","","","","","","","","","","","1702","1702","1702","0.9583333373069763","0.9583333373069763","0.9583333373069763","","","","","","","","","","","","","","","","","",""
"0.78","","","","","","","","","","","","","5108","5108","5108","0.625","0.625","0.625","5108","5108","5108","0.925","0.925","0.925","","","","","","","","","","","","","5108","5108","5108","0.95","0.95","0.95","5108","5108","5108","0.5","0.5","0.5"
"0.8","","","","","","","2619","2619","2619","0.9375","0.9375","0.9375","5239","5239","5239","0.8","0.8","0.8","5239","5239","5239","0.95","0.95","0.95","","","","","","","2619","2619","2619","0.975","0.975","0.975","5239","5239","5239","0.975","0.975","0.975","5239","5239","5239","0.675","0.675","0.675"
"0.82","","","","","","","","","","","","","5370","5370","5370","0.7","0.7","0.7","5370","5370","5370","0.75","0.75","0.75","","","","","","","","","","","","","5370","5370","5370","0.875","0.875","0.875","5370","5370","5370","0.525","0.525","0.525"
"0.8383233532934131","1833","1833","1833","0.9250000059604645","0.9250000059604645","0.9250000059604645","","","","","","","","","","","","","","","","","","","1833","1833","1833","0.9333333373069763","0.9333333373069763","0.9333333373069763","","","","","","","","","","","","","","","","","",""
"0.84","","","","","","","2750","2750","2750","0.9","0.9","0.9","5501","5501","5501","0.675","0.675","0.675","5501","5501","5501","0.925","0.925","0.925","","","","","","","2750","2750","2750","0.8875","0.8875","0.8875","5501","5501","5501","0.975","0.975","0.975","5501","5501","5501","0.475","0.475","0.475"
"0.86","","","","","","","","","","","","","5632","5632","5632","0.675","0.675","0.675","5632","5632","5632","0.875","0.875","0.875","","","","","","","","","","","","","5632","5632","5632","0.925","0.925","0.925","5632","5632","5632","0.375","0.375","0.375"
"0.88","","","","","","","2881","2881","2881","0.9","0.9","0.9","5763","5763","5763","0.85","0.85","0.85","5763","5763","5763","0.975","0.975","0.975","","","","","","","2881","2881","2881","0.9","0.9","0.9","5763","5763","5763","1","1","1","5763","5763","5763","0.525","0.525","0.525"
"0.8982035928143712","1964","1964","1964","0.8916666686534882","0.8916666686534882","0.8916666686534882","","","","","","","","","","","","","","","","","","","1964","1964","1964","0.925000011920929","0.925000011920929","0.925000011920929","","","","","","","","","","","","","","","","","",""
"0.9","","","","","","","","","","","","","5894","5894","5894","0.5","0.5","0.5","5894","5894","5894","0.9","0.9","0.9","","","","","","","","","","","","","5894","5894","5894","0.95","0.95","0.95","5894","5894","5894","0.25","0.25","0.25"
"0.92","","","","","","","3012","3012","3012","0.9625","0.9625","0.9625","6025","6025","6025","0.6","0.6","0.6","6025","6025","6025","1","1","1","","","","","","","3012","3012","3012","0.925","0.925","0.925","6025","6025","6025","1","1","1","6025","6025","6025","0.275","0.275","0.275"
"0.94","","","","","","","","","","","","","6156","6156","6156","0.775","0.775","0.775","6156","6156","6156","0.825","0.825","0.825","","","","","","","","","","","","","6156","6156","6156","0.95","0.95","0.95","6156","6156","6156","0.15","0.15","0.15"
"0.9580838323353293","2095","2095","2095","0.8833333373069763","0.8833333373069763","0.8833333373069763","","","","","","","","","","","","","","","","","","","2095","2095","2095","0.925","0.925","0.925","","","","","","","","","","","","","","","","","",""
"0.96","","","","","","","3143","3143","3143","0.8125","0.8125","0.8125","6287","6287","6287","0.65","0.65","0.65","6287","6287","6287","0.875","0.875","0.875","","","","","","","3143","3143","3143","0.8875","0.8875","0.8875","6287","6287","6287","0.925","0.925","0.925","6287","6287","6287","0.35","0.35","0.35"
"0.98","","","","","","","","","","","","","6418","6418","6418","0.725","0.725","0.725","6418","6418","6418","0.9","0.9","0.9","","","","","","","","","","","","","6418","6418","6418","1","1","1","6418","6418","6418","0.475","0.475","0.475"
"1","","","","","","","3274","3274","3274","0.875","0.875","0.875","6549","6549","6549","0.65","0.65","0.65","6549","6549","6549","0.85","0.85","0.85","","","","","","","3274","3274","3274","0.95","0.95","0.95","6549","6549","6549","0.875","0.875","0.875","6549","6549","6549","0.4","0.4","0.4"
"1.02","","","","","","","","","","","","","6680","6680","6680","0.8","0.8","0.8","6680","6680","6680","0.9","0.9","0.9","","","","","","","","","","","","","6680","6680","6680","0.9","0.9","0.9","6680","6680","6680","0.525","0.525","0.525"
"1.0239520958083832","2226","2226","2226","0.925","0.925","0.925","","","","","","","","","","","","","","","","","","","2226","2226","2226","0.95","0.95","0.95","","","","","","","","","","","","","","","","","",""
"1.04","","","","","","","3405","3405","3405","0.875","0.875","0.875","6811","6811","6811","0.825","0.825","0.825","6811","6811","6811","0.925","0.925","0.925","","","","","","","3405","3405","3405","0.9375","0.9375","0.9375","6811","6811","6811","1","1","1","6811","6811","6811","0.6","0.6","0.6"
"1.06","","","","","","","","","","","","","6942","6942","6942","0.9","0.9","0.9","6942","6942","6942","0.925","0.925","0.925","","","","","","","","","","","","","6942","6942","6942","0.925","0.925","0.925","6942","6942","6942","0.8","0.8","0.8"
"1.08","","","","","","","3536","3536","3536","0.9","0.9","0.9","7073","7073","7073","0.875","0.875","0.875","7073","7073","7073","0.975","0.975","0.975","","","","","","","3536","3536","3536","0.9375","0.9375","0.9375","7073","7073","7073","0.975","0.975","0.975","7073","7073","7073","0.775","0.775","0.775"
"1.0838323353293413","2357","2357","2357","0.8750000059604645","0.8750000059604645","0.8750000059604645","","","","","","","","","","","","","","","","","","","2357","2357","2357","0.925","0.925","0.925","","","","","","","","","","","","","","","","","",""
"1.1","","","","","","","","","","","","","7204","7204","7204","0.625","0.625","0.625","7204","7204","7204","0.7","0.7","0.7","","","","","","","","","","","","","7204","7204","7204","0.9","0.9","0.9","7204","7204","7204","0.775","0.775","0.775"
"1.12","","","","","","","3667","3667","3667","0.8375","0.8375","0.8375","7335","7335","7335","0.625","0.625","0.625","7335","7335","7335","0.825","0.825","0.825","","","","","","","3667","3667","3667","0.8625","0.8625","0.8625","7335","7335","7335","0.9","0.9","0.9","7335","7335","7335","0.825","0.825","0.825"
"1.1400000000000001","","","","","","","","","","","","","7466","7466","7466","0.725","0.725","0.725","7466","7466","7466","0.875","0.875","0.875","","","","","","","","","","","","","7466","7466","7466","0.95","0.95","0.95","7466","7466","7466","0.9","0.9","0.9"
"1.1437125748502994","2488","2488","2488","0.8583333313465118","0.8583333313465118","0.8583333313465118","","","","","","","","","","","","","","","","","","","2488","2488","2488","0.8333333313465119","0.8333333313465119","0.8333333313465119","","","","","","","","","","","","","","","","","",""
"1.16","","","","","","","3798","3798","3798","0.8625","0.8625","0.8625","7597","7597","7597","0.65","0.65","0.65","7597","7597","7597","0.825","0.825","0.825","","","","","","","3798","3798","3798","0.9","0.9","0.9","7597","7597","7597","0.875","0.875","0.875","7597","7597","7597","0.825","0.825","0.825"
"1.18","","","","","","","","","","","","","7728","7728","7728","0.6","0.6","0.6","7728","7728","7728","0.9","0.9","0.9","","","","","","","","","","","","","7728","7728","7728","1","1","1","7728","7728","7728","0.925","0.925","0.925"
"1.2","","","","","","","3929","3929","3929","0.9","0.9","0.9","7859","7859","7859","0.6","0.6","0.6","7859","7859","7859","0.925","0.925","0.925","","","","","","","3929","3929","3929","0.9125","0.9125","0.9125","7859","7859","7859","1","1","1","7859","7859","7859","0.925","0.925","0.925"
"1.2035928143712575","2619","2619","2619","0.85","0.85","0.85","","","","","","","","","","","","","","","","","","","2619","2619","2619","0.8500000059604644","0.8500000059604644","0.8500000059604644","","","","","","","","","","","","","","","","","",""
"1.22","","","","","","","","","","","","","7990","7990","7990","0.775","0.775","0.775","7990","7990","7990","1","1","1","","","","","","","","","","","","","7990","7990","7990","1","1","1","7990","7990","7990","0.85","0.85","0.85"
"1.24","","","","","","","4060","4060","4060","0.95","0.95","0.95","8121","8121","8121","0.65","0.65","0.65","8121","8121","8121","1","1","1","","","","","","","4060","4060","4060","0.9375","0.9375","0.9375","8121","8121","8121","0.925","0.925","0.925","8121","8121","8121","0.825","0.825","0.825"
"1.26","","","","","","","","","","","","","8252","8252","8252","0.575","0.575","0.575","8252","8252","8252","0.85","0.85","0.85","","","","","","","","","","","","","8252","8252","8252","1","1","1","8252","8252","8252","0.95","0.95","0.95"
"1.2634730538922156","2750","2750","2750","0.8833333373069763","0.8833333373069763","0.8833333373069763","","","","","","","","","","","","","","","","","","","2750","2750","2750","0.9416666746139526","0.9416666746139526","0.9416666746139526","","","","","","","","","","","","","","","","","",""
"1.28","","","","","","","4191","4191","4191","0.85","0.85","0.85","8383","8383","8383","0.775","0.775","0.775","8383","8383","8383","0.875","0.875","0.875","","","","","","","4191","4191","4191","0.925","0.925","0.925","8383","8383","8383","0.975","0.975","0.975","8383","8383","8383","1","1","1"
"1.3","","","","","","","","","","","","","8514","8514","8514","0.85","0.85","0.85","8514","8514","8514","0.9","0.9","0.9","","","","","","","","","","","","","8514","8514","8514","0.925","0.925","0.925","8514","8514","8514","0.775","0.775","0.775"
"1.32","","","","","","","4322","4322","4322","0.8375","0.8375","0.8375","8645","8645","8645","0.7","0.7","0.7","8645","8645","8645","1","1","1","","","","","","","4322","4322","4322","0.925","0.925","0.925","8645","8645","8645","1","1","1","8645","8645","8645","0.875","0.875","0.875"
"1.3233532934131738","2881","2881","2881","0.9000000059604645","0.9000000059604645","0.9000000059604645","","","","","","","","","","","","","","","","","","","2881","2881","2881","0.9083333373069763","0.9083333373069763","0.9083333373069763","","","","","","","","","","","","","","","","","",""
"1.34","","","","","","","","","","","","","8776","8776","8776","0.9","0.9","0.9","8776","8776","8776","0.975","0.975","0.975","","","","","","","","","","","","","8776","8776","8776","1","1","1","8776","8776","8776","0.975","0.975","0.975"
"1.3599999999999999","","","","","","","4453","4453","4453","0.9125","0.9125","0.9125","8907","8907","8907","0.875","0.875","0.875","8907","8907","8907","1","1","1","","","","","","","4453","4453","4453","0.975","0.975","0.975","8907","8907","8907","1","1","1","8907","8907","8907","0.95","0.95","0.95"
"1.38","","","","","","","","","","","","","9038","9038","9038","0.8","0.8","0.8","9038","9038","9038","0.875","0.875","0.875","","","","","","","","","","","","","9038","9038","9038","1","1","1","9038","9038","9038","0.925","0.925","0.925"
"1.3832335329341316","3012","3012","3012","0.9000000029802322","0.9000000029802322","0.9000000029802322","","","","","","","","","","","","","","","","","","","3012","3012","3012","0.925","0.925","0.925","","","","","","","","","","","","","","","","","",""
"1.4","","","","","","","4584","4584","4584","0.875","0.875","0.875","9169","9169","9169","0.775","0.775","0.775","9169","9169","9169","0.8","0.8","0.8","","","","","","","4584","4584","4584","0.875","0.875","0.875","9169","9169","9169","0.85","0.85","0.85","9169","9169","9169","0.8","0.8","0.8"
"1.42","","","","","","","","","","","","","9300","9300","9300","0.675","0.675","0.675","9300","9300","9300","0.925","0.925","0.925","","","","","","","","","","","","","9300","9300","9300","0.9","0.9","0.9","9300","9300","9300","0.9","0.9","0.9"
"1.44","","","","","","","4715","4715","4715","0.9375","0.9375","0.9375","9431","9431","9431","0.9","0.9","0.9","9431","9431","9431","0.925","0.925","0.925","","","","","","","4715","4715","4715","0.8875","0.8875","0.8875","9431","9431","9431","0.925","0.925","0.925","9431","9431","9431","0.925","0.925","0.925"
"1.4431137724550898","3143","3143","3143","0.9083333373069763","0.9083333373069763","0.9083333373069763","","","","","","","","","","","","","","","","","","","3143","3143","3143","0.9166666746139527","0.9166666746139527","0.9166666746139527","","","","","","","","","","","","","","","","","",""
"1.46","","","","","","","","","","","","","9562","9562","9562","0.975","0.975","0.975","9562","9562","9562","0.925","0.925","0.925","","","","","","","","","","","","","9562","9562","9562","1","1","1","9562","9562","9562","0.95","0.95","0.95"
"1.48","","","","","","","4846","4846","4846","0.9375","0.9375","0.9375","9693","9693","9693","0.85","0.85","0.85","9693","9693","9693","0.925","0.925","0.925","","","","","","","4846","4846","4846","0.9625","0.9625","0.9625","9693","9693","9693","0.9","0.9","0.9","9693","9693","9693","0.9","0.9","0.9"
"1.5","","","","","","","","","","","","","9824","9824","9824","0.925","0.925","0.925","9824","9824","9824","0.975","0.975","0.975","","","","","","","","","","","","","9824","9824","9824","1","1","1","9824","9824","9824","0.975","0.975","0.975"
"1.5029940119760479","3274","3274","3274","0.95","0.95","0.95","","","","","","","","","","","","","","","","","","","3274","3274","3274","0.9250000059604645","0.9250000059604645","0.9250000059604645","","","","","","","","","","","","","","","","","",""
"1.52","","","","","","","4977","4977","4977","0.925","0.925","0.925","9955","9955","9955","0.925","0.925","0.925","9955","9955","9955","0.975","0.975","0.975","","","","","","","4977","4977","4977","0.9125","0.9125","0.9125","9955","9955","9955","0.975","0.975","0.975","9955","9955","9955","1","1","1"
"1.54","","","","","","","","","","","","","10086","10086","10086","0.95","0.95","0.95","10086","10086","10086","0.875","0.875","0.875","","","","","","","","","","","","","10086","10086","10086","0.925","0.925","0.925","10086","10086","10086","1","1","1"
"1.56","","","","","","","5108","5108","5108","0.75","0.75","0.75","10217","10217","10217","0.775","0.775","0.775","10217","10217","10217","0.925","0.925","0.925","","","","","","","5108","5108","5108","0.825","0.825","0.825","10217","10217","10217","0.85","0.85","0.85","10217","10217","10217","0.825","0.825","0.825"
"1.562874251497006","3405","3405","3405","0.85","0.85","0.85","","","","","","","","","","","","","","","","","","","3405","3405","3405","0.8666666686534882","0.8666666686534882","0.8666666686534882","","","","","","","","","","","","","","","","","",""
"1.58","","","","","","","","","","","","","10348","10348","10348","0.975","0.975","0.975","10348","10348","10348","0.925","0.925","0.925","","","","","","","","","","","","","10348","10348","10348","1","1","1","10348","10348","10348","1","1","1"
"1.6","","","","","","","5239","5239","5239","0.9125","0.9125","0.9125","10479","10479","10479","0.95","0.95","0.95","10479","10479","10479","0.975","0.975","0.975","","","","","","","5239","5239","5239","0.9625","0.9625","0.9625","10479","10479","10479","1","1","1","10479","10479","10479","0.975","0.975","0.975"
"1.62","","","","","","","","","","","","","10610","10610","10610","0.85","0.85","0.85","10610","10610","10610","0.9","0.9","0.9","","","","","","","","","","","","","10610","10610","10610","0.85","0.85","0.85","10610","10610","10610","0.85","0.85","0.85"
"1.622754491017964","3536","3536","3536","0.9250000059604645","0.9250000059604645","0.9250000059604645","","","","","","","","","","","","","","","","","","","3536","3536","3536","0.9166666746139527","0.9166666746139527","0.9166666746139527","","","","","","","","","","","","","","","","","",""
"1.6400000000000001","","","","","","","5370","5370","5370","0.8375","0.8375","0.8375","10741","10741","10741","0.875","0.875","0.875","10741","10741","10741","0.725","0.725","0.725","","","","","","","5370","5370","5370","0.8875","0.8875","0.8875","10741","10741","10741","0.9","0.9","0.9","10741","10741","10741","0.825","0.825","0.825"
"1.6600000000000001","","","","","","","","","","","","","10872","10872","10872","0.95","0.95","0.95","10872","10872","10872","1","1","1","","","","","","","","","","","","","10872","10872","10872","1","1","1","10872","10872","10872","0.9","0.9","0.9"
"1.6800000000000002","","","","","","","5501","5501","5501","0.9","0.9","0.9","11003","11003","11003","1","1","1","11003","11003","11003","0.975","0.975","0.975","","","","","","","5501","5501","5501","0.9625","0.9625","0.9625","11003","11003","11003","1","1","1","11003","11003","11003","0.875","0.875","0.875"
"1.6826347305389222","3667","3667","3667","0.8833333373069763","0.8833333373069763","0.8833333373069763","","","","","","","","","","","","","","","","","","","3667","3667","3667","0.8666666626930237","0.8666666626930237","0.8666666626930237","","","","","","","","","","","","","","","","","",""
"1.7","","","","","","","","","","","","","11134","11134","11134","0.75","0.75","0.75","11134","11134","11134","0.7","0.7","0.7","","","","","","","","","","","","","11134","11134","11134","0.775","0.775","0.775","11134","11134","11134","0.725","0.725","0.725"
"1.72","","","","","","","5632","5632","5632","0.8625","0.8625","0.8625","11265","11265","11265","0.975","0.975","0.975","11265","11265","11265","0.975","0.975","0.975","","","","","","","5632","5632","5632","0.85","0.85","0.85","11265","11265","11265","1","1","1","11265","11265","11265","0.975","0.975","0.975"
"1.74","","","","","","","","","","","","","11396","11396","11396","0.775","0.775","0.775","11396","11396","11396","0.95","0.95","0.95","","","","","","","","","","","","","11396","11396","11396","0.9","0.9","0.9","11396","11396","11396","0.9","0.9","0.9"
"1.7425149700598803","3798","3798","3798","0.8916666686534882","0.8916666686534882","0.8916666686534882","","","","","","","","","","","","","","","","","","","3798","3798","3798","0.8833333373069763","0.8833333373069763","0.8833333373069763","","","","","","","","","","","","","","","","","",""
"1.76","","","","","","","5763","5763","5763","0.9375","0.9375","0.9375","11527","11527","11527","1","1","1","11527","11527","11527","1","1","1","","","","","","","5763","5763","5763","0.95","0.95","0.95","11527","11527","11527","1","1","1","11527","11527","11527","1","1","1"
"1.78","","","","","","","","","","","","","11658","11658","11658","0.9","0.9","0.9","11658","11658","11658","1","1","1","","","","","","","","","","","","","11658","11658","11658","1","1","1","11658","11658","11658","0.975","0.975","0.975"
"1.8","","","","","","","5894","5894","5894","0.875","0.875","0.875","11789","11789","11789","0.925","0.925","0.925","11789","11789","11789","1","1","1","","","","","","","5894","5894","5894","0.975","0.975","0.975","11789","11789","11789","1","1","1","11789","11789","11789","0.95","0.95","0.95"
"1.8023952095808382","3929","3929","3929","0.9000000059604645","0.9000000059604645","0.9000000059604645","","","","","","","","","","","","","","","","","","","3929","3929","3929","0.9666666746139526","0.9666666746139526","0.9666666746139526","","","","","","","","","","","","","","","","","",""
"1.8199999999999998","","","","","","","","","","","","","11920","11920","11920","0.8","0.8","0.8","11920","11920","11920","0.925","0.925","0.925","","","","","","","","","","","","","11920","11920","11920","1","1","1","11920","11920","11920","1","1","1"
"1.8399999999999999","","","","","","","6025","6025","6025","0.875","0.875","0.875","12051","12051","12051","0.8","0.8","0.8","12051","12051","12051","0.975","0.975","0.975","","","","","","","6025","6025","6025","0.95","0.95","0.95","12051","12051","12051","0.975","0.975","0.975","12051","12051","12051","0.925","0.925","0.925"
"1.8599999999999999","","","","","","","","","","","","","12182","12182","12182","0.925","0.925","0.925","12182","12182","12182","0.95","0.95","0.95","","","","","","","","","","","","","12182","12182","12182","0.95","0.95","0.95","12182","12182","12182","0.975","0.975","0.975"
"1.8622754491017965","4060","4060","4060","0.8583333313465118","0.8583333313465118","0.8583333313465118","","","","","","","","","","","","","","","","","","","4060","4060","4060","0.9166666626930237","0.9166666626930237","0.9166666626930237","","","","","","","","","","","","","","","","","",""
"1.88","","","","","","","6156","6156","6156","0.8875","0.8875","0.8875","12313","12313","12313","0.9","0.9","0.9","12313","12313","12313","0.925","0.925","0.925","","","","","","","6156","6156","6156","0.9625","0.9625","0.9625","12313","12313","12313","1","1","1","12313","12313","12313","1","1","1"
"1.9","","","","","","","","","","","","","12444","12444","12444","0.9","0.9","0.9","12444","12444","12444","0.95","0.95","0.95","","","","","","","","","","","","","12444","12444","12444","0.95","0.95","0.95","12444","12444","12444","0.95","0.95","0.95"
"1.92","","","","","","","6287","6287","6287","0.95","0.95","0.95","12575","12575","12575","0.975","0.975","0.975","12575","12575","12575","0.95","0.95","0.95","","","","","","","6287","6287","6287","0.95","0.95","0.95","12575","12575","12575","0.975","0.975","0.975","12575","12575","12575","0.95","0.95","0.95"
"1.9221556886227544","4191","4191","4191","0.9083333313465118","0.9083333313465118","0.9083333313465118","","","","","","","","","","","","","","","","","","","4191","4191","4191","0.9500000059604645","0.9500000059604645","0.9500000059604645","","","","","","","","","","","","","","","","","",""
"1.94","","","","","","","","","","","","","12706","12706","12706","0.975","0.975","0.975","12706","12706","12706","1","1","1","","","","","","","","","","","","","12706","12706","12706","0.95","0.95","0.95","12706","12706","12706","0.975","0.975","0.975"
"1.96","","","","","","","6418","6418","6418","0.9375","0.9375","0.9375","12837","12837","12837","0.975","0.975","0.975","12837","12837","12837","1","1","1","","","","","","","6418","6418","6418","0.95","0.95","0.95","12837","12837","12837","0.95","0.95","0.95","12837","12837","12837","1","1","1"
"1.98","","","","","","","","","","","","","12968","12968","12968","0.85","0.85","0.85","12968","12968","12968","0.775","0.775","0.775","","","","","","","","","","","","","12968","12968","12968","0.875","0.875","0.875","12968","12968","12968","0.875","0.875","0.875"
"1.9820359281437125","4322","4322","4322","0.7750000089406968","0.7750000089406968","0.7750000089406968","","","","","","","","","","","","","","","","","","","4322","4322","4322","0.825","0.825","0.825","","","","","","","","","","","","","","","","","",""
"2","","","","","","","6549","6549","6549","0.6","0.6","0.6","13099","13099","13099","0.9","0.9","0.9","13099","13099","13099","0.825","0.825","0.825","","","","","","","6549","6549","6549","0.8125","0.8125","0.8125","13099","13099","13099","0.925","0.925","0.925","13099","13099","13099","0.975","0.975","0.975"
"2.02","","","","","","","","","","","","","13230","13230","13230","0.9","0.9","0.9","13230","13230","13230","1","1","1","","","","","","","","","","","","","13230","13230","13230","1","1","1","13230","13230","13230","0.925","0.925","0.925"
"2.04","","","","","","","6680","6680","6680","0.9","0.9","0.9","13361","13361","13361","0.825","0.825","0.825","13361","13361","13361","0.825","0.825","0.825","","","","","","","6680","6680","6680","0.975","0.975","0.975","13361","13361","13361","0.9","0.9","0.9","13361","13361","13361","0.9","0.9","0.9"
"2.0479041916167664","4453","4453","4453","0.875","0.875","0.875","","","","","","","","","","","","","","","","","","","4453","4453","4453","0.8916666686534882","0.8916666686534882","0.8916666686534882","","","","","","","","","","","","","","","","","",""
"2.06","","","","","","","","","","","","","13492","13492","13492","0.825","0.825","0.825","13492","13492","13492","0.875","0.875","0.875","","","","","","","","","","","","","13492","13492","13492","0.875","0.875","0.875","13492","13492","13492","0.9","0.9","0.9"
"2.08","","","","","","","6811","6811","6811","0.8625","0.8625","0.8625","13623","13623","13623","1","1","1","13623","13623","13623","0.95","0.95","0.95","","","","","","","6811","6811","6811","0.8875","0.8875","0.8875","13623","13623","13623","0.925","0.925","0.925","13623","13623","13623","0.95","0.95","0.95"
"2.1","","","","","","","","","","","","","13754","13754","13754","0.9","0.9","0.9","13754","13754","13754","0.925","0.925","0.925","","","","","","","","","","","","","13754","13754","13754","1","1","1","13754","13754","13754","0.975","0.975","0.975"
"2.1077844311377247","4584","4584","4584","0.8083333373069763","0.8083333373069763","0.8083333373069763","","","","","","","","","","","","","","","","","","","4584","4584","4584","0.875","0.875","0.875","","","","","","","","","","","","","","","","","",""
"2.12","","","","","","","6942","6942","6942","0.8625","0.8625","0.8625","13885","13885","13885","0.875","0.875","0.875","13885","13885","13885","0.95","0.95","0.95","","","","","","","6942","6942","6942","0.925","0.925","0.925","13885","13885","13885","0.9","0.9","0.9","13885","13885","13885","0.9","0.9","0.9"
"2.14","","","","","","","","","","","","","14016","14016","14016","0.975","0.975","0.975","14016","14016","14016","0.975","0.975","0.975","","","","","","","","","","","","","14016","14016","14016","0.975","0.975","0.975","14016","14016","14016","0.975","0.975","0.975"
"2.16","","","","","","","7073","7073","7073","0.875","0.875","0.875","14147","14147","14147","0.95","0.95","0.95","14147","14147","14147","0.85","0.85","0.85","","","","","","","7073","7073","7073","0.8875","0.8875","0.8875","14147","14147","14147","0.9","0.9","0.9","14147","14147","14147","0.875","0.875","0.875"
"2.1676646706586826","4715","4715","4715","0.8750000029802323","0.8750000029802323","0.8750000029802323","","","","","","","","","","","","","","","","","","","4715","4715","4715","0.925","0.925","0.925","","","","","","","","","","","","","","","","","",""
"2.18","","","","","","","","","","","","","14278","14278","14278","0.9","0.9","0.9","14278","14278","14278","0.9","0.9","0.9","","","","","","","","","","","","","14278","14278","14278","1","1","1","14278","14278","14278","1","1","1"
"2.2","","","","","","","7204","7204","7204","0.8","0.8","0.8","14409","14409","14409","0.975","0.975","0.975","14409","14409","14409","0.8","0.8","0.8","","","","","","","7204","7204","7204","0.9125","0.9125","0.9125","14409","14409","14409","0.925","0.925","0.925","14409","14409","14409","0.975","0.975","0.975"
"2.22","","","","","","","","","","","","","14540","14540","14540","0.925","0.925","0.925","14540","14540","14540","0.975","0.975","0.975","","","","","","","","","","","","","14540","14540","14540","1","1","1","14540","14540","14540","0.95","0.95","0.95"
"2.2275449101796405","4846","4846","4846","0.9000000059604645","0.9000000059604645","0.9000000059604645","","","","","","","","","","","","","","","","","","","4846","4846","4846","0.9416666686534881","0.9416666686534881","0.9416666686534881","","","","","","","","","","","","","","","","","",""
"2.24","","","","","","","7335","7335","7335","0.95","0.95","0.95","14671","14671","14671","0.975","0.975","0.975","14671","14671","14671","0.975","0.975","0.975","","","","","","","7335","7335","7335","1","1","1","14671","14671","14671","1","1","1","14671","14671","14671","0.925","0.925","0.925"
"2.26","","","","","","","","","","","","","14802","14802","14802","0.95","0.95","0.95","14802","14802","14802","0.975","0.975","0.975","","","","","","","","","","","","","14802","14802","14802","0.975","0.975","0.975","14802","14802","14802","0.975","0.975","0.975"
"2.2800000000000002","","","","","","","7466","7466","7466","0.9125","0.9125","0.9125","14933","14933","14933","0.875","0.875","0.875","14933","14933","14933","0.875","0.875","0.875","","","","","","","7466","7466","7466","0.925","0.925","0.925","14933","14933","14933","0.975","0.975","0.975","14933","14933","14933","0.85","0.85","0.85"
"2.287425149700599","4977","4977","4977","0.9083333432674408","0.9083333432674408","0.9083333432674408","","","","","","","","","","","","","","","","","","","4977","4977","4977","0.9166666686534881","0.9166666686534881","0.9166666686534881","","","","","","","","","","","","","","","","","",""
"2.3","","","","","","","","","","","","","15064","15064","15064","0.825","0.825","0.825","15064","15064","15064","0.975","0.975","0.975","","","","","","","","","","","","","15064","15064","15064","0.975","0.975","0.975","15064","15064","15064","0.975","0.975","0.975"
"2.32","","","","","","","7597","7597","7597","0.825","0.825","0.825","15195","15195","15195","0.9","0.9","0.9","15195","15195","15195","0.825","0.825","0.825","","","","","","","7597","7597","7597","0.85","0.85","0.85","15195","15195","15195","0.975","0.975","0.975","15195","15195","15195","0.95","0.95","0.95"
"2.34","","","","","","","","","","","","","15326","15326","15326","0.975","0.975","0.975","15326","15326","15326","1","1","1","","","","","","","","","","","","","15326","15326","15326","1","1","1","15326","15326","15326","1","1","1"
"2.3473053892215567","5108","5108","5108","0.8833333313465118","0.8833333313465118","0.8833333313465118","","","","","","","","","","","","","","","","","","","5108","5108","5108","0.8583333432674408","0.8583333432674408","0.8583333432674408","","","","","","","","","","","","","","","","","",""
"2.36","","","","","","","7728","7728","7728","0.9","0.9","0.9","15457","15457","15457","0.95","0.95","0.95","15457","15457","15457","0.975","0.975","0.975","","","","","","","7728","7728","7728","0.9875","0.9875","0.9875","15457","15457","15457","0.975","0.975","0.975","15457","15457","15457","0.95","0.95","0.95"
"2.38","","","","","","","","","","","","","15588","15588","15588","1","1","1","15588","15588","15588","0.95","0.95","0.95","","","","","","","","","","","","","15588","15588","15588","1","1","1","15588","15588","15588","0.975","0.975","0.975"
"2.4","","","","","","","7859","7859","7859","0.9","0.9","0.9","15719","15719","15719","0.925","0.925","0.925","15719","15719","15719","1","1","1","","","","","","","7859","7859","7859","0.975","0.975","0.975","15719","15719","15719","1","1","1","15719","15719","15719","0.9","0.9","0.9"
"2.407185628742515","5239","5239","5239","0.9000000029802322","0.9000000029802322","0.9000000029802322","","","","","","","","","","","","","","","","","","","5239","5239","5239","0.9416666686534881","0.9416666686534881","0.9416666686534881","","","","","","","","","","","","","","","","","",""
"2.42","","","","","","","","","","","","","15850","15850","15850","0.975","0.975","0.975","15850","15850","15850","0.9","0.9","0.9","","","","","","","","","","","","","15850","15850","15850","1","1","1","15850","15850","15850","1","1","1"
"2.44","","","","","","","7990","7990","7990","0.8375","0.8375","0.8375","15981","15981","15981","0.825","0.825","0.825","15981","15981","15981","0.85","0.85","0.85","","","","","","","7990","7990","7990","0.875","0.875","0.875","15981","15981","15981","0.875","0.875","0.875","15981","15981","15981","0.9","0.9","0.9"
"2.46","","","","","","","","","","","","","16112","16112","16112","0.975","0.975","0.975","16112","16112","16112","1","1","1","","","","","","","","","","","","","16112","16112","16112","1","1","1","16112","16112","16112","1","1","1"
"2.467065868263473","5370","5370","5370","0.8583333373069764","0.8583333373069764","0.8583333373069764","","","","","","","","","","","","","","","","","","","5370","5370","5370","0.9000000059604645","0.9000000059604645","0.9000000059604645","","","","","","","","","","","","","","","","","",""
"2.48","","","","","","","8121","8121","8121","0.925","0.925","0.925","16243","16243","16243","0.875","0.875","0.875","16243","16243","16243","0.925","0.925","0.925","","","","","","","8121","8121","8121","0.9375","0.9375","0.9375","16243","16243","16243","0.875","0.875","0.875","16243","16243","16243","0.925","0.925","0.925"
"2.5","","","","","","","","","","","","","16374","16374","16374","0.875","0.875","0.875","16374","16374","16374","0.85","0.85","0.85","","","","","","","","","","","","","16374","16374","16374","0.9","0.9","0.9","16374","16374","16374","0.9","0.9","0.9"
"2.52","","","","","","","8252","8252","8252","0.75","0.75","0.75","16505","16505","16505","0.85","0.85","0.85","16505","16505","16505","0.9","0.9","0.9","","","","","","","8252","8252","8252","0.8625","0.8625","0.8625","16505","16505","16505","0.9","0.9","0.9","16505","16505","16505","0.85","0.85","0.85"
"2.5269461077844313","5501","5501","5501","0.8583333313465118","0.8583333313465118","0.8583333313465118","","","","","","","","","","","","","","","","","","","5501","5501","5501","0.8583333373069764","0.8583333373069764","0.8583333373069764","","","","","","","","","","","","","","","","","",""
"2.54","","","","","","","","","","","","","16636","16636","16636","1","1","1","16636","16636","16636","0.875","0.875","0.875","","","","","","","","","","","","","16636","16636","16636","0.975","0.975","0.975","16636","16636","16636","0.975","0.975","0.975"
"2.56","","","","","","","8383","8383","8383","0.8125","0.8125","0.8125","16767","16767","16767","0.925","0.925","0.925","16767","16767","16767","0.95","0.95","0.95","","","","","","","8383","8383","8383","0.9625","0.9625","0.9625","16767","16767","16767","0.975","0.975","0.975","16767","16767","16767","0.925","0.925","0.925"
"2.58","","","","","","","","","","","","","16898","16898","16898","0.975","0.975","0.975","16898","16898","16898","0.8","0.8","0.8","","","","","","","","","","","","","16898","16898","16898","1","1","1","16898","16898","16898","1","1","1"
"2.586826347305389","5632","5632","5632","0.8333333373069763","0.8333333373069763","0.8333333373069763","","","","","","","","","","","","","","","","","","","5632","5632","5632","0.8333333343267441","0.8333333343267441","0.8333333343267441","","","","","","","","","","","","","","","","","",""
"2.6","","","","","","","8514","8514","8514","0.8","0.8","0.8","17029","17029","17029","0.975","0.975","0.975","17029","17029","17029","0.9","0.9","0.9","","","","","","","8514","8514","8514","0.9375","0.9375","0.9375","17029","17029","17029","0.975","0.975","0.975","17029","17029","17029","0.975","0.975","0.975"
"2.62","","","","","","","","","","","","","17160","17160","17160","0.925","0.925","0.925","17160","17160","17160","0.975","0.975","0.975","","","","","","","","","","","","","17160","17160","17160","1","1","1","17160","17160","17160","1","1","1"
"2.64","","","","","","","8645","8645","8645","0.9625","0.9625","0.9625","17291","17291","17291","1","1","1","17291","17291","17291","0.95","0.95","0.95","","","","","","","8645","8645","8645","0.9875","0.9875","0.9875","17291","17291","17291","0.975","0.975","0.975","17291","17291","17291","1","1","1"
"2.6467065868263475","5763","5763","5763","0.8916666746139527","0.8916666746139527","0.8916666746139527","","","","","","","","","","","","","","","","","","","5763","5763","5763","0.9166666626930237","0.9166666626930237","0.9166666626930237","","","","","","","","","","","","","","","","","",""
"2.66","","","","","","","","","","","","","17422","17422","17422","0.975","0.975","0.975","17422","17422","17422","0.925","0.925","0.925","","","","","","","","","","","","","17422","17422","17422","1","1","1","17422","17422","17422","0.975","0.975","0.975"
"2.68","","","","","","","8776","8776","8776","0.9125","0.9125","0.9125","17553","17553","17553","0.9","0.9","0.9","17553","17553","17553","0.975","0.975","0.975","","","","","","","8776","8776","8776","1","1","1","17553","17553","17553","1","1","1","17553","17553","17553","1","1","1"
"2.7","","","","","","","","","","","","","17684","17684","17684","0.85","0.85","0.85","17684","17684","17684","0.975","0.975","0.975","","","","","","","","","","","","","17684","17684","17684","0.95","0.95","0.95","17684","17684","17684","0.825","0.825","0.825"
"2.7065868263473054","5894","5894","5894","0.8999999940395356","0.8999999940395356","0.8999999940395356","","","","","","","","","","","","","","","","","","","5894","5894","5894","0.9416666686534881","0.9416666686534881","0.9416666686534881","","","","","","","","","","","","","","","","","",""
"2.7199999999999998","","","","","","","8907","8907","8907","0.9","0.9","0.9","17815","17815","17815","1","1","1","17815","17815","17815","0.8","0.8","0.8","","","","","","","8907","8907","8907","0.875","0.875","0.875","17815","17815","17815","0.975","0.975","0.975","17815","17815","17815","0.95","0.95","0.95"
"2.74","","","","","","","","","","","","","17946","17946","17946","0.875","0.875","0.875","17946","17946","17946","0.9","0.9","0.9","","","","","","","","","","","","","17946","17946","17946","0.9","0.9","0.9","17946","17946","17946","0.875","0.875","0.875"
"2.76","","","","","","","9038","9038","9038","0.75","0.75","0.75","18077","18077","18077","0.825","0.825","0.825","18077","18077","18077","0.7","0.7","0.7","","","","","","","9038","9038","9038","0.7375","0.7375","0.7375","18077","18077","18077","0.675","0.675","0.675","18077","18077","18077","0.75","0.75","0.75"
"2.7664670658682633","6025","6025","6025","0.7333333373069764","0.7333333373069764","0.7333333373069764","","","","","","","","","","","","","","","","","","","6025","6025","6025","0.7916666716337204","0.7916666716337204","0.7916666716337204","","","","","","","","","","","","","","","","","",""
"2.7800000000000002","","","","","","","","","","","","","18208","18208","18208","0.875","0.875","0.875","18208","18208","18208","0.875","0.875","0.875","","","","","","","","","","","","","18208","18208","18208","0.9","0.9","0.9","18208","18208","18208","0.85","0.85","0.85"
"2.8","","","","","","","9169","9169","9169","0.7875","0.7875","0.7875","18339","18339","18339","0.975","0.975","0.975","18339","18339","18339","0.925","0.925","0.925","","","","","","","9169","9169","9169","0.875","0.875","0.875","18339","18339","18339","0.975","0.975","0.975","18339","18339","18339","0.975","0.975","0.975"
"2.82","","","","","","","","","","","","","18470","18470","18470","0.9","0.9","0.9","18470","18470","18470","0.75","0.75","0.75","","","","","","","","","","","","","18470","18470","18470","0.9","0.9","0.9","18470","18470","18470","0.875","0.875","0.875"
"2.8263473053892216","6156","6156","6156","0.8166666746139526","0.8166666746139526","0.8166666746139526","","","","","","","","","","","","","","","","","","","6156","6156","6156","0.8583333373069764","0.8583333373069764","0.8583333373069764","","","","","","","","","","","","","","","","","",""
"2.84","","","","","","","9300","9300","9300","0.8875","0.8875","0.8875","18601","18601","18601","0.95","0.95","0.95","18601","18601","18601","0.9","0.9","0.9","","","","","","","9300","9300","9300","0.8875","0.8875","0.8875","18601","18601","18601","1","1","1","18601","18601","18601","0.975","0.975","0.975"
"2.86","","","","","","","","","","","","","18732","18732","18732","1","1","1","18732","18732","18732","0.9","0.9","0.9","","","","","","","","","","","","","18732","18732","18732","1","1","1","18732","18732","18732","0.95","0.95","0.95"
"2.88","","","","","","","9431","9431","9431","0.975","0.975","0.975","18863","18863","18863","1","1","1","18863","18863","18863","0.95","0.95","0.95","","","","","","","9431","9431","9431","0.95","0.95","0.95","18863","18863","18863","1","1","1","18863","18863","18863","1","1","1"
"2.8862275449101795","6287","6287","6287","0.9083333373069763","0.9083333373069763","0.9083333373069763","","","","","","","","","","","","","","","","","","","6287","6287","6287","0.9416666746139526","0.9416666746139526","0.9416666746139526","","","","","","","","","","","","","","","","","",""
"2.9","","","","","","","","","","","","","18994","18994","18994","0.85","0.85","0.85","18994","18994","18994","0.85","0.85","0.85","","","","","","","","","","","","","18994","18994","18994","0.9","0.9","0.9","18994","18994","18994","0.875","0.875","0.875"
"2.92","","","","","","","9562","9562","9562","0.8375","0.8375","0.8375","19125","19125","19125","0.9","0.9","0.9","19125","19125","19125","0.875","0.875","0.875","","","","","","","9562","9562","9562","0.85","0.85","0.85","19125","19125","19125","0.9","0.9","0.9","19125","19125","19125","0.9","0.9","0.9"
"2.94","","","","","","","","","","","","","19256","19256","19256","0.975","0.975","0.975","19256","19256","19256","0.975","0.975","0.975","","","","","","","","","","","","","19256","19256","19256","1","1","1","19256","19256","19256","1","1","1"
"2.946107784431138","6418","6418","6418","0.8916666686534882","0.8916666686534882","0.8916666686534882","","","","","","","","","","","","","","","","","","","6418","6418","6418","0.875","0.875","0.875","","","","","","","","","","","","","","","","","",""
"2.96","","","","","","","9693","9693","9693","0.9875","0.9875","0.9875","19387","19387","19387","0.975","0.975","0.975","19387","19387","19387","0.925","0.925","0.925","","","","","","","9693","9693","9693","0.9875","0.9875","0.9875","19387","19387","19387","1","1","1","19387","19387","19387","0.975","0.975","0.975"
"2.98","","","","","","","","","","","","","19518","19518","19518","0.975","0.975","0.975","19518","19518","19518","0.95","0.95","0.95","","","","","","","","","","","","","19518","19518","19518","1","1","1","19518","19518","19518","1","1","1"
"3","","","","","","","9824","9824","9824","0.9125","0.9125","0.9125","19649","19649","19649","0.925","0.925","0.925","19649","19649","19649","0.925","0.925","0.925","","","","","","","9824","9824","9824","0.975","0.975","0.975","19649","19649","19649","0.925","0.925","0.925","19649","19649","19649","0.95","0.95","0.95"
"3.0119760479041915","6549","6549","6549","0.9000000059604645","0.9000000059604645","0.9000000059604645","","","","","","","","","","","","","","","","","","","6549","6549","6549","0.9666666686534882","0.9666666686534882","0.9666666686534882","","","","","","","","","","","","","","","","","",""
"3.02","","","","","","","","","","","","","19780","19780","19780","0.925","0.925","0.925","19780","19780","19780","0.9","0.9","0.9","","","","","","","","","","","","","19780","19780","19780","0.975","0.975","0.975","19780","19780","19780","0.925","0.925","0.925"
"3.04","","","","","","","9955","9955","9955","0.925","0.925","0.925","19911","19911","19911","1","1","1","19911","19911","19911","1","1","1","","","","","","","9955","9955","9955","0.9625","0.9625","0.9625","19911","19911","19911","1","1","1","19911","19911","19911","0.975","0.975","0.975"
"3.06","","","","","","","","","","","","","20042","20042","20042","0.95","0.95","0.95","20042","20042","20042","0.9","0.9","0.9","","","","","","","","","","","","","20042","20042","20042","1","1","1","20042","20042","20042","0.875","0.875","0.875"
"3.07185628742515","6680","6680","6680","0.8416666716337204","0.8416666716337204","0.8416666716337204","","","","","","","","","","","","","","","","","","","6680","6680","6680","0.8333333358168602","0.8333333358168602","0.8333333358168602","","","","","","","","","","","","","","","","","",""
"3.08","","","","","","","10086","10086","10086","0.8125","0.8125","0.8125","20173","20173","20173","0.975","0.975","0.975","20173","20173","20173","0.95","0.95","0.95","","","","","","","10086","10086","10086","0.925","0.925","0.925","20173","20173","20173","1","1","1","20173","20173","20173","1","1","1"
"3.1","","","","","","","","","","","","","20304","20304","20304","0.875","0.875","0.875","20304","20304","20304","0.9","0.9","0.9","","","","","","","","","","","","","20304","20304","20304","0.9","0.9","0.9","20304","20304","20304","0.875","0.875","0.875"
"3.12","","","","","","","10217","10217","10217","0.8125","0.8125","0.8125","20435","20435","20435","0.9","0.9","0.9","20435","20435","20435","0.825","0.825","0.825","","","","","","","10217","10217","10217","0.8875","0.8875","0.8875","20435","20435","20435","0.9","0.9","0.9","20435","20435","20435","0.9","0.9","0.9"
"3.1317365269461077","6811","6811","6811","0.7916666597127915","0.7916666597127915","0.7916666597127915","","","","","","","","","","","","","","","","","","","6811","6811","6811","0.825","0.825","0.825","","","","","","","","","","","","","","","","","",""
"3.14","","","","","","","","","","","","","20566","20566","20566","0.975","0.975","0.975","20566","20566","20566","0.925","0.925","0.925","","","","","","","","","","","","","20566","20566","20566","0.925","0.925","0.925","20566","20566","20566","1","1","1"
"3.16","","","","","","","10348","10348","10348","0.7875","0.7875","0.7875","20697","20697","20697","0.925","0.925","0.925","20697","20697","20697","0.925","0.925","0.925","","","","","","","10348","10348","10348","0.825","0.825","0.825","20697","20697","20697","0.85","0.85","0.85","20697","20697","20697","0.9","0.9","0.9"
"3.18","","","","","","","","","","","","","20828","20828","20828","0.9","0.9","0.9","20828","20828","20828","1","1","1","","","","","","","","","","","","","20828","20828","20828","1","1","1","20828","20828","20828","0.975","0.975","0.975"
"3.191616766467066","6942","6942","6942","0.8833333313465118","0.8833333313465118","0.8833333313465118","","","","","","","","","","","","","","","","","","","6942","6942","6942","0.8833333373069763","0.8833333373069763","0.8833333373069763","","","","","","","","","","","","","","","","","",""
"3.2","","","","","","","10479","10479","10479","0.95","0.95","0.95","20959","20959","20959","1","1","1","20959","20959","20959","0.925","0.925","0.925","","","","","","","10479","10479","10479","0.95","0.95","0.95","20959","20959","20959","0.95","0.95","0.95","20959","20959","20959","0.975","0.975","0.975"
"3.22","","","","","","","","","","","","","21090","21090","21090","1","1","1","21090","21090","21090","0.975","0.975","0.975","","","","","","","","","","","","","21090","21090","21090","1","1","1","21090","21090","21090","1","1","1"
"3.24","","","","","","","10610","10610","10610","0.825","0.825","0.825","21221","21221","21221","0.925","0.925","0.925","21221","21221","21221","0.9","0.9","0.9","","","","","","","10610","10610","10610","0.925","0.925","0.925","21221","21221","21221","0.925","0.925","0.925","21221","21221","21221","0.925","0.925","0.925"
"3.251497005988024","7073","7073","7073","0.8750000059604645","0.8750000059604645","0.8750000059604645","","","","","","","","","","","","","","","","","","","7073","7073","7073","0.925","0.925","0.925","","","","","","","","","","","","","","","","","",""
"3.26","","","","","","","","","","","","","21352","21352","21352","1","1","1","21352","21352","21352","1","1","1","","","","","","","","","","","","","21352","21352","21352","1","1","1","21352","21352","21352","1","1","1"
"3.2800000000000002","","","","","","","10741","10741","10741","0.8375","0.8375","0.8375","21483","21483","21483","0.875","0.875","0.875","21483","21483","21483","0.925","0.925","0.925","","","","","","","10741","10741","10741","0.925","0.925","0.925","21483","21483","21483","0.9","0.9","0.9","21483","21483","21483","0.9","0.9","0.9"
"3.3","","","","","","","","","","","","","21614","21614","21614","0.825","0.825","0.825","21614","21614","21614","0.775","0.775","0.775","","","","","","","","","","","","","21614","21614","21614","0.9","0.9","0.9","21614","21614","21614","0.825","0.825","0.825"
"3.3113772455089823","7204","7204","7204","0.8500000059604644","0.8500000059604644","0.8500000059604644","","","","","","","","","","","","","","","","","","","7204","7204","7204","0.8666666746139526","0.8666666746139526","0.8666666746139526","","","","","","","","","","","","","","","","","",""
"3.32","","","","","","","10872","10872","10872","0.8875","0.8875","0.8875","21745","21745","21745","0.975","0.975","0.975","21745","21745","21745","1","1","1","","","","","","","10872","10872","10872","0.9","0.9","0.9","21745","21745","21745","1","1","1","21745","21745","21745","1","1","1"
"3.34","","","","","","","","","","","","","21876","21876","21876","1","1","1","21876","21876","21876","0.95","0.95","0.95","","","","","","","","","","","","","21876","21876","21876","1","1","1","21876","21876","21876","0.975","0.975","0.975"
"3.36","","","","","","","11003","11003","11003","0.9375","0.9375","0.9375","22007","22007","22007","0.875","0.875","0.875","22007","22007","22007","0.9","0.9","0.9","","","","","","","11003","11003","11003","0.9375","0.9375","0.9375","22007","22007","22007","0.9","0.9","0.9","22007","22007","22007","0.9","0.9","0.9"
"3.37125748502994","7335","7335","7335","0.8583333402872085","0.8583333402872085","0.8583333402872085","","","","","","","","","","","","","","","","","","","7335","7335","7335","0.8833333432674408","0.8833333432674408","0.8833333432674408","","","","","","","","","","","","","","","","","",""
"3.38","","","","","","","","","","","","","22138","22138","22138","0.825","0.825","0.825","22138","22138","22138","0.8","0.8","0.8","","","","","","","","","","","","","22138","22138","22138","0.8","0.8","0.8","22138","22138","22138","0.8","0.8","0.8"
"3.4","","","","","","","11134","11134","11134","0.8375","0.8375","0.8375","22269","22269","22269","1","1","1","22269","22269","22269","0.975","0.975","0.975","","","","","","","11134","11134","11134","0.9","0.9","0.9","22269","22269","22269","1","1","1","22269","22269","22269","1","1","1"
"3.42","","","","","","","","","","","","","22400","22400","22400","0.825","0.825","0.825","22400","22400","22400","0.875","0.875","0.875","","","","","","","","","","","","","22400","22400","22400","0.9","0.9","0.9","22400","22400","22400","0.9","0.9","0.9"
"3.431137724550898","7466","7466","7466","0.8583333343267441","0.8583333343267441","0.8583333343267441","","","","","","","","","","","","","","","","","","","7466","7466","7466","0.925","0.925","0.925","","","","","","","","","","","","","","","","","",""
"3.44","","","","","","","11265","11265","11265","0.875","0.875","0.875","22531","22531","22531","0.975","0.975","0.975","22531","22531","22531","1","1","1","","","","","","","11265","11265","11265","0.9375","0.9375","0.9375","22531","22531","22531","1","1","1","22531","22531","22531","1","1","1"
"3.46","","","","","","","","","","","","","22662","22662","22662","1","1","1","22662","22662","22662","0.825","0.825","0.825","","","","","","","","","","","","","22662","22662","22662","0.975","0.975","0.975","22662","22662","22662","1","1","1"
"3.48","","","","","","","11396","11396","11396","0.875","0.875","0.875","22793","22793","22793","0.85","0.85","0.85","22793","22793","22793","0.9","0.9","0.9","","","","","","","11396","11396","11396","0.9375","0.9375","0.9375","22793","22793","22793","0.9","0.9","0.9","22793","22793","22793","0.95","0.95","0.95"
"3.4910179640718564","7597","7597","7597","0.875","0.875","0.875","","","","","","","","","","","","","","","","","","","7597","7597","7597","0.9083333373069763","0.9083333373069763","0.9083333373069763","","","","","","","","","","","","","","","","","",""
"3.5","","","","","","","","","","","","","22924","22924","22924","1","1","1","22924","22924","22924","1","1","1","","","","","","","","","","","","","22924","22924","22924","0.975","0.975","0.975","22924","22924","22924","1","1","1"
"3.52","","","","","","","11527","11527","11527","0.925","0.925","0.925","23055","23055","23055","0.95","0.95","0.95","23055","23055","23055","0.975","0.975","0.975","","","","","","","11527","11527","11527","0.975","0.975","0.975","23055","23055","23055","1","1","1","23055","23055","23055","1","1","1"
"3.54","","","","","","","","","","","","","23186","23186","23186","0.925","0.925","0.925","23186","23186","23186","0.9","0.9","0.9","","","","","","","","","","","","","23186","23186","23186","1","1","1","23186","23186","23186","1","1","1"
"3.5508982035928143","7728","7728","7728","0.875","0.875","0.875","","","","","","","","","","","","","","","","","","","7728","7728","7728","0.9250000059604645","0.9250000059604645","0.9250000059604645","","","","","","","","","","","","","","","","","",""
"3.56","","","","","","","11658","11658","11658","0.8625","0.8625","0.8625","23317","23317","23317","0.975","0.975","0.975","23317","23317","23317","1","1","1","","","","","","","11658","11658","11658","0.9625","0.9625","0.9625","23317","23317","23317","1","1","1","23317","23317","23317","0.975","0.975","0.975"
"3.58","","","","","","","","","","","","","23448","23448","23448","1","1","1","23448","23448","23448","0.925","0.925","0.925","","","","","","","","","","","","","23448","23448","23448","0.95","0.95","0.95","23448","23448","23448","1","1","1"
"3.6","","","","","","","11789","11789","11789","0.975","0.975","0.975","23579","23579","23579","0.975","0.975","0.975","23579","23579","23579","1","1","1","","","","","","","11789","11789","11789","0.9625","0.9625","0.9625","23579","23579","23579","0.975","0.975","0.975","23579","23579","23579","1","1","1"
"3.6107784431137726","7859","7859","7859","0.9083333253860474","0.9083333253860474","0.9083333253860474","","","","","","","","","","","","","","","","","","","7859","7859","7859","0.9416666686534881","0.9416666686534881","0.9416666686534881","","","","","","","","","","","","","","","","","",""
"3.62","","","","","","","","","","","","","23710","23710","23710","0.875","0.875","0.875","23710","23710","23710","0.9","0.9","0.9","","","","","","","","","","","","","23710","23710","23710","0.925","0.925","0.925","23710","23710","23710","0.9","0.9","0.9"
"3.64","","","","","","","11920","11920","11920","0.9125","0.9125","0.9125","23841","23841","23841","1","1","1","23841","23841","23841","0.925","0.925","0.925","","","","","","","11920","11920","11920","0.9375","0.9375","0.9375","23841","23841","23841","1","1","1","23841","23841","23841","1","1","1"
"3.66","","","","","","","","","","","","","23972","23972","23972","1","1","1","23972","23972","23972","0.875","0.875","0.875","","","","","","","","","","","","","23972","23972","23972","0.9","0.9","0.9","23972","23972","23972","0.95","0.95","0.95"
"3.6706586826347305","7990","7990","7990","0.8583333373069764","0.8583333373069764","0.8583333373069764","","","","","","","","","","","","","","","","","","","7990","7990","7990","0.9000000059604645","0.9000000059604645","0.9000000059604645","","","","","","","","","","","","","","","","","",""
"3.68","","","","","","","12051","12051","12051","0.875","0.875","0.875","24103","24103","24103","0.85","0.85","0.85","24103","24103","24103","0.9","0.9","0.9","","","","","","","12051","12051","12051","0.8875","0.8875","0.8875","24103","24103","24103","0.9","0.9","0.9","24103","24103","24103","0.9","0.9","0.9"
"3.7","","","","","","","","","","","","","24234","24234","24234","0.85","0.85","0.85","24234","24234","24234","0.6","0.6","0.6","","","","","","","","","","","","","24234","24234","24234","0.875","0.875","0.875","24234","24234","24234","0.9","0.9","0.9"
"3.7199999999999998","","","","","","","12182","12182","12182","0.7875","0.7875","0.7875","24365","24365","24365","0.95","0.95","0.95","24365","24365","24365","0.925","0.925","0.925","","","","","","","12182","12182","12182","0.8375","0.8375","0.8375","24365","24365","24365","0.925","0.925","0.925","24365","24365","24365","1","1","1"
"3.730538922155689","8121","8121","8121","0.8166666716337204","0.8166666716337204","0.8166666716337204","","","","","","","","","","","","","","","","","","","8121","8121","8121","0.8250000029802322","0.8250000029802322","0.8250000029802322","","","","","","","","","","","","","","","","","",""
"3.74","","","","","","","","","","","","","24496","24496","24496","0.95","0.95","0.95","24496","24496","24496","0.8","0.8","0.8","","","","","","","","","","","","","24496","24496","24496","0.975","0.975","0.975","24496","24496","24496","0.975","0.975","0.975"
"3.76","","","","","","","12313","12313","12313","0.925","0.925","0.925","24627","24627","24627","0.975","0.975","0.975","24627","24627","24627","0.95","0.95","0.95","","","","","","","12313","12313","12313","0.9125","0.9125","0.9125","24627","24627","24627","1","1","1","24627","24627","24627","1","1","1"
"3.7800000000000002","","","","","","","","","","","","","24758","24758","24758","0.975","0.975","0.975","24758","24758","24758","0.975","0.975","0.975","","","","","","","","","","","","","24758","24758","24758","0.975","0.975","0.975","24758","24758","24758","0.975","0.975","0.975"
"3.7904191616766467","8252","8252","8252","0.9","0.9","0.9","","","","","","","","","","","","","","","","","","","8252","8252","8252","0.9416666686534881","0.9416666686534881","0.9416666686534881","","","","","","","","","","","","","","","","","",""
"3.8","","","","","","","12444","12444","12444","0.8","0.8","0.8","24889","24889","24889","0.9","0.9","0.9","24889","24889","24889","0.9","0.9","0.9","","","","","","","12444","12444","12444","0.925","0.925","0.925","24889","24889","24889","0.95","0.95","0.95","24889","24889","24889","0.95","0.95","0.95"
"3.82","","","","","","","","","","","","","25020","25020","25020","0.975","0.975","0.975","25020","25020","25020","0.85","0.85","0.85","","","","","","","","","","","","","25020","25020","25020","0.975","0.975","0.975","25020","25020","25020","1","1","1"
"3.84","","","","","","","12575","12575","12575","0.9","0.9","0.9","25151","25151","25151","1","1","1","25151","25151","25151","1","1","1","","","","","","","12575","12575","12575","0.9625","0.9625","0.9625","25151","25151","25151","1","1","1","25151","25151","25151","1","1","1"
"3.8502994011976046","8383","8383","8383","0.8083333313465119","0.8083333313465119","0.8083333313465119","","","","","","","","","","","","","","","","","","","8383","8383","8383","0.8916666746139527","0.8916666746139527","0.8916666746139527","","","","","","","","","","","","","","","","","",""
"3.86","","","","","","","","","","","","","25282","25282","25282","0.975","0.975","0.975","25282","25282","25282","0.925","0.925","0.925","","","","","","","","","","","","","25282","25282","25282","1","1","1","25282","25282","25282","1","1","1"
"3.88","","","","","","","12706","12706","12706","0.875","0.875","0.875","25413","25413","25413","0.975","0.975","0.975","25413","25413","25413","0.975","0.975","0.975","","","","","","","12706","12706","12706","0.9375","0.9375","0.9375","25413","25413","25413","1","1","1","25413","25413","25413","0.975","0.975","0.975"
"3.9","","","","","","","","","","","","","25544","25544","25544","0.975","0.975","0.975","25544","25544","25544","0.975","0.975","0.975","","","","","","","","","","","","","25544","25544","25544","1","1","1","25544","25544","25544","0.975","0.975","0.975"
"3.910179640718563","8514","8514","8514","0.9500000059604645","0.9500000059604645","0.9500000059604645","","","","","","","","","","","","","","","","","","","8514","8514","8514","0.9583333373069763","0.9583333373069763","0.9583333373069763","","","","","","","","","","","","","","","","","",""
"3.92","","","","","","","12837","12837","12837","0.875","0.875","0.875","25675","25675","25675","0.975","0.975","0.975","25675","25675","25675","0.9","0.9","0.9","","","","","","","12837","12837","12837","0.9875","0.9875","0.9875","25675","25675","25675","1","1","1","25675","25675","25675","0.975","0.975","0.975"
"3.94","","","","","","","","","","","","","25806","25806","25806","1","1","1","25806","25806","25806","0.95","0.95","0.95","","","","","","","","","","","","","25806","25806","25806","1","1","1","25806","25806","25806","0.975","0.975","0.975"
"3.96","","","","","","","12968","12968","12968","0.95","0.95","0.95","25937","25937","25937","0.975","0.975","0.975","25937","25937","25937","0.9","0.9","0.9","","","","","","","12968","12968","12968","0.975","0.975","0.975","25937","25937","25937","1","1","1","25937","25937","25937","1","1","1"
"3.970059880239521","8645","8645","8645","0.8916666805744171","0.8916666805744171","0.8916666805744171","","","","","","","","","","","","","","","","","","","8645","8645","8645","0.95","0.95","0.95","","","","","","","","","","","","","","","","","",""
"3.98","","","","","","","","","","","","","26068","26068","26068","1","1","1","26068","26068","26068","0.875","0.875","0.875","","","","","","","","","","","","","26068","26068","26068","1","1","1","26068","26068","26068","1","1","1"
"3.9940119760479043","8698","8698","8698","0.5833333358168602","0.5833333358168602","0.5833333358168602","","","","","","","","","","","","","","","","","","","8698","8698","8698","0.6875","0.6875","0.6875","","","","","","","","","","","","","","","","","",""
"4","","","","","","","13099","13099","13099","0.7875","0.7875","0.7875","26199","26199","26199","0.85","0.85","0.85","26199","26199","26199","0.725","0.725","0.725","","","","","","","13099","13099","13099","0.8625","0.8625","0.8625","26199","26199","26199","0.85","0.85","0.85","26199","26199","26199","0.875","0.875","0.875"