"train/epoch","Qwen/Qwen3-32B-low-format - _step","Qwen/Qwen3-32B-low-format - _step__MIN","Qwen/Qwen3-32B-low-format - _step__MAX","Qwen/Qwen3-32B-low-format - train/rewards/reward_connected_line/mean","Qwen/Qwen3-32B-low-format - train/rewards/reward_connected_line/mean__MIN","Qwen/Qwen3-32B-low-format - train/rewards/reward_connected_line/mean__MAX","Qwen/Qwen3-14B-low-format - _step","Qwen/Qwen3-14B-low-format - _step__MIN","Qwen/Qwen3-14B-low-format - _step__MAX","Qwen/Qwen3-14B-low-format - train/rewards/reward_connected_line/mean","Qwen/Qwen3-14B-low-format - train/rewards/reward_connected_line/mean__MIN","Qwen/Qwen3-14B-low-format - train/rewards/reward_connected_line/mean__MAX","Qwen/Qwen3-0.6B-low-format - _step","Qwen/Qwen3-0.6B-low-format - _step__MIN","Qwen/Qwen3-0.6B-low-format - _step__MAX","Qwen/Qwen3-0.6B-low-format - train/rewards/reward_connected_line/mean","Qwen/Qwen3-0.6B-low-format - train/rewards/reward_connected_line/mean__MIN","Qwen/Qwen3-0.6B-low-format - train/rewards/reward_connected_line/mean__MAX","Qwen/Qwen3-4B-low-format - _step","Qwen/Qwen3-4B-low-format - _step__MIN","Qwen/Qwen3-4B-low-format - _step__MAX","Qwen/Qwen3-4B-low-format - train/rewards/reward_connected_line/mean","Qwen/Qwen3-4B-low-format - train/rewards/reward_connected_line/mean__MIN","Qwen/Qwen3-4B-low-format - train/rewards/reward_connected_line/mean__MAX","Qwen/Qwen3-32B - _step","Qwen/Qwen3-32B - _step__MIN","Qwen/Qwen3-32B - _step__MAX","Qwen/Qwen3-32B - train/rewards/reward_connected_line/mean","Qwen/Qwen3-32B - train/rewards/reward_connected_line/mean__MIN","Qwen/Qwen3-32B - train/rewards/reward_connected_line/mean__MAX","Qwen/Qwen3-14B - _step","Qwen/Qwen3-14B - _step__MIN","Qwen/Qwen3-14B - _step__MAX","Qwen/Qwen3-14B - train/rewards/reward_connected_line/mean","Qwen/Qwen3-14B - train/rewards/reward_connected_line/mean__MIN","Qwen/Qwen3-14B - train/rewards/reward_connected_line/mean__MAX","Qwen/Qwen3-4B - _step","Qwen/Qwen3-4B - _step__MIN","Qwen/Qwen3-4B - _step__MAX","Qwen/Qwen3-4B - train/rewards/reward_connected_line/mean","Qwen/Qwen3-4B - train/rewards/reward_connected_line/mean__MIN","Qwen/Qwen3-4B - train/rewards/reward_connected_line/mean__MAX","Qwen/Qwen3-0.6B - _step","Qwen/Qwen3-0.6B - _step__MIN","Qwen/Qwen3-0.6B - _step__MAX","Qwen/Qwen3-0.6B - train/rewards/reward_connected_line/mean","Qwen/Qwen3-0.6B - train/rewards/reward_connected_line/mean__MIN","Qwen/Qwen3-0.6B - train/rewards/reward_connected_line/mean__MAX"
"0.02","","","","","","","","","","","","","130","130","130","0.825","0.825","0.825","130","130","130","0.55","0.55","0.55","","","","","","","","","","","","","130","130","130","0.7","0.7","0.7","130","130","130","0.8","0.8","0.8"
"0.04","","","","","","","130","130","130","0.575","0.575","0.575","261","261","261","0.775","0.775","0.775","261","261","261","0.5","0.5","0.5","","","","","","","130","130","130","0.5875","0.5875","0.5875","261","261","261","0.675","0.675","0.675","261","261","261","0.825","0.825","0.825"
"0.059880239520958084","130","130","130","0.1583333358168602","0.1583333358168602","0.1583333358168602","","","","","","","","","","","","","","","","","","","130","130","130","0.16666666865348817","0.16666666865348817","0.16666666865348817","","","","","","","","","","","","","","","","","",""
"0.06","","","","","","","","","","","","","392","392","392","0.75","0.75","0.75","392","392","392","0.475","0.475","0.475","","","","","","","","","","","","","392","392","392","0.625","0.625","0.625","392","392","392","0.85","0.85","0.85"
"0.08","","","","","","","261","261","261","0.4375","0.4375","0.4375","523","523","523","0.825","0.825","0.825","523","523","523","0.575","0.575","0.575","","","","","","","261","261","261","0.4875","0.4875","0.4875","523","523","523","0.55","0.55","0.55","523","523","523","0.825","0.825","0.825"
"0.1","","","","","","","","","","","","","654","654","654","0.9","0.9","0.9","654","654","654","0.5","0.5","0.5","","","","","","","","","","","","","654","654","654","0.55","0.55","0.55","654","654","654","0.925","0.925","0.925"
"0.11976047904191617","261","261","261","0.1416666679084301","0.1416666679084301","0.1416666679084301","","","","","","","","","","","","","","","","","","","261","261","261","0.21666666865348816","0.21666666865348816","0.21666666865348816","","","","","","","","","","","","","","","","","",""
"0.12","","","","","","","392","392","392","0.55","0.55","0.55","785","785","785","0.875","0.875","0.875","785","785","785","0.675","0.675","0.675","","","","","","","392","392","392","0.5875","0.5875","0.5875","785","785","785","0.6","0.6","0.6","785","785","785","0.925","0.925","0.925"
"0.14","","","","","","","","","","","","","916","916","916","0.8","0.8","0.8","916","916","916","0.5","0.5","0.5","","","","","","","","","","","","","916","916","916","0.475","0.475","0.475","916","916","916","0.95","0.95","0.95"
"0.16","","","","","","","523","523","523","0.425","0.425","0.425","1047","1047","1047","0.875","0.875","0.875","1047","1047","1047","0.5","0.5","0.5","","","","","","","523","523","523","0.475","0.475","0.475","1047","1047","1047","0.45","0.45","0.45","1047","1047","1047","0.925","0.925","0.925"
"0.17964071856287425","392","392","392","0.22500000074505805","0.22500000074505805","0.22500000074505805","","","","","","","","","","","","","","","","","","","392","392","392","0.13333333507180214","0.13333333507180214","0.13333333507180214","","","","","","","","","","","","","","","","","",""
"0.18","","","","","","","","","","","","","1178","1178","1178","0.8","0.8","0.8","1178","1178","1178","0.675","0.675","0.675","","","","","","","","","","","","","1178","1178","1178","0.65","0.65","0.65","1178","1178","1178","0.8","0.8","0.8"
"0.2","","","","","","","654","654","654","0.4375","0.4375","0.4375","1309","1309","1309","0.875","0.875","0.875","1309","1309","1309","0.7","0.7","0.7","","","","","","","654","654","654","0.55","0.55","0.55","1309","1309","1309","0.775","0.775","0.775","1309","1309","1309","0.95","0.95","0.95"
"0.22","","","","","","","","","","","","","1440","1440","1440","0.75","0.75","0.75","1440","1440","1440","0.675","0.675","0.675","","","","","","","","","","","","","1440","1440","1440","0.7","0.7","0.7","1440","1440","1440","0.925","0.925","0.925"
"0.23952095808383234","523","523","523","0.17500000298023224","0.17500000298023224","0.17500000298023224","","","","","","","","","","","","","","","","","","","523","523","523","0.1250000014901161","0.1250000014901161","0.1250000014901161","","","","","","","","","","","","","","","","","",""
"0.24","","","","","","","785","785","785","0.5875","0.5875","0.5875","1571","1571","1571","0.825","0.825","0.825","1571","1571","1571","0.75","0.75","0.75","","","","","","","785","785","785","0.6625","0.6625","0.6625","1571","1571","1571","0.7","0.7","0.7","1571","1571","1571","1","1","1"
"0.26","","","","","","","","","","","","","1702","1702","1702","0.9","0.9","0.9","1702","1702","1702","0.775","0.775","0.775","","","","","","","","","","","","","1702","1702","1702","0.8","0.8","0.8","1702","1702","1702","1","1","1"
"0.28","","","","","","","916","916","916","0.5125","0.5125","0.5125","1833","1833","1833","0.85","0.85","0.85","1833","1833","1833","0.625","0.625","0.625","","","","","","","916","916","916","0.7375","0.7375","0.7375","1833","1833","1833","0.725","0.725","0.725","1833","1833","1833","0.95","0.95","0.95"
"0.2994011976047904","654","654","654","0.2083333358168602","0.2083333358168602","0.2083333358168602","","","","","","","","","","","","","","","","","","","654","654","654","0.10000000298023223","0.10000000298023223","0.10000000298023223","","","","","","","","","","","","","","","","","",""
"0.3","","","","","","","","","","","","","1964","1964","1964","0.725","0.725","0.725","1964","1964","1964","0.8","0.8","0.8","","","","","","","","","","","","","1964","1964","1964","0.7","0.7","0.7","1964","1964","1964","0.925","0.925","0.925"
"0.32","","","","","","","1047","1047","1047","0.6625","0.6625","0.6625","2095","2095","2095","0.65","0.65","0.65","2095","2095","2095","0.575","0.575","0.575","","","","","","","1047","1047","1047","0.8","0.8","0.8","2095","2095","2095","0.55","0.55","0.55","2095","2095","2095","0.95","0.95","0.95"
"0.34","","","","","","","","","","","","","2226","2226","2226","0.775","0.775","0.775","2226","2226","2226","0.825","0.825","0.825","","","","","","","","","","","","","2226","2226","2226","0.775","0.775","0.775","2226","2226","2226","0.975","0.975","0.975"
"0.3592814371257485","785","785","785","0.1916666679084301","0.1916666679084301","0.1916666679084301","","","","","","","","","","","","","","","","","","","785","785","785","0.14166666865348815","0.14166666865348815","0.14166666865348815","","","","","","","","","","","","","","","","","",""
"0.36","","","","","","","1178","1178","1178","0.575","0.575","0.575","2357","2357","2357","0.875","0.875","0.875","2357","2357","2357","0.6","0.6","0.6","","","","","","","1178","1178","1178","0.75","0.75","0.75","2357","2357","2357","0.475","0.475","0.475","2357","2357","2357","0.9","0.9","0.9"
"0.38","","","","","","","","","","","","","2488","2488","2488","0.825","0.825","0.825","2488","2488","2488","0.85","0.85","0.85","","","","","","","","","","","","","2488","2488","2488","0.825","0.825","0.825","2488","2488","2488","0.95","0.95","0.95"
"0.4","","","","","","","1309","1309","1309","0.6875","0.6875","0.6875","2619","2619","2619","0.825","0.825","0.825","2619","2619","2619","0.875","0.875","0.875","","","","","","","1309","1309","1309","0.775","0.775","0.775","2619","2619","2619","0.675","0.675","0.675","2619","2619","2619","0.9","0.9","0.9"
"0.41916167664670656","916","916","916","0.36666666343808174","0.36666666343808174","0.36666666343808174","","","","","","","","","","","","","","","","","","","916","916","916","0.2833333358168602","0.2833333358168602","0.2833333358168602","","","","","","","","","","","","","","","","","",""
"0.42","","","","","","","","","","","","","2750","2750","2750","0.925","0.925","0.925","2750","2750","2750","0.825","0.825","0.825","","","","","","","","","","","","","2750","2750","2750","0.65","0.65","0.65","2750","2750","2750","0.95","0.95","0.95"
"0.44","","","","","","","1440","1440","1440","0.5875","0.5875","0.5875","2881","2881","2881","0.675","0.675","0.675","2881","2881","2881","0.95","0.95","0.95","","","","","","","1440","1440","1440","0.775","0.775","0.775","2881","2881","2881","0.825","0.825","0.825","2881","2881","2881","1","1","1"
"0.46","","","","","","","","","","","","","3012","3012","3012","0.675","0.675","0.675","3012","3012","3012","0.825","0.825","0.825","","","","","","","","","","","","","3012","3012","3012","0.7","0.7","0.7","3012","3012","3012","0.975","0.975","0.975"
"0.47904191616766467","1047","1047","1047","0.1916666693985462","0.1916666693985462","0.1916666693985462","","","","","","","","","","","","","","","","","","","1047","1047","1047","0.1583333358168602","0.1583333358168602","0.1583333358168602","","","","","","","","","","","","","","","","","",""
"0.48","","","","","","","1571","1571","1571","0.6125","0.6125","0.6125","3143","3143","3143","0.8","0.8","0.8","3143","3143","3143","0.8","0.8","0.8","","","","","","","1571","1571","1571","0.8125","0.8125","0.8125","3143","3143","3143","0.9","0.9","0.9","3143","3143","3143","0.95","0.95","0.95"
"0.5","","","","","","","","","","","","","3274","3274","3274","0.675","0.675","0.675","3274","3274","3274","0.675","0.675","0.675","","","","","","","","","","","","","3274","3274","3274","0.6","0.6","0.6","3274","3274","3274","0.95","0.95","0.95"
"0.52","","","","","","","1702","1702","1702","0.525","0.525","0.525","3405","3405","3405","0.85","0.85","0.85","3405","3405","3405","0.775","0.775","0.775","","","","","","","1702","1702","1702","0.7","0.7","0.7","3405","3405","3405","0.625","0.625","0.625","3405","3405","3405","0.975","0.975","0.975"
"0.5389221556886228","1178","1178","1178","0.2583333350718021","0.2583333350718021","0.2583333350718021","","","","","","","","","","","","","","","","","","","1178","1178","1178","0.17500000298023224","0.17500000298023224","0.17500000298023224","","","","","","","","","","","","","","","","","",""
"0.54","","","","","","","","","","","","","3536","3536","3536","0.775","0.775","0.775","3536","3536","3536","0.975","0.975","0.975","","","","","","","","","","","","","3536","3536","3536","0.675","0.675","0.675","3536","3536","3536","1","1","1"
"0.56","","","","","","","1833","1833","1833","0.5375","0.5375","0.5375","3667","3667","3667","0.725","0.725","0.725","3667","3667","3667","0.875","0.875","0.875","","","","","","","1833","1833","1833","0.7375","0.7375","0.7375","3667","3667","3667","0.75","0.75","0.75","3667","3667","3667","0.975","0.975","0.975"
"0.58","","","","","","","","","","","","","3798","3798","3798","0.8","0.8","0.8","3798","3798","3798","0.75","0.75","0.75","","","","","","","","","","","","","3798","3798","3798","0.775","0.775","0.775","3798","3798","3798","1","1","1"
"0.5988023952095808","1309","1309","1309","0.21666667014360427","0.21666667014360427","0.21666667014360427","","","","","","","","","","","","","","","","","","","1309","1309","1309","0.10000000149011612","0.10000000149011612","0.10000000149011612","","","","","","","","","","","","","","","","","",""
"0.6","","","","","","","1964","1964","1964","0.525","0.525","0.525","3929","3929","3929","0.675","0.675","0.675","3929","3929","3929","0.875","0.875","0.875","","","","","","","1964","1964","1964","0.6875","0.6875","0.6875","3929","3929","3929","0.9","0.9","0.9","3929","3929","3929","0.925","0.925","0.925"
"0.62","","","","","","","","","","","","","4060","4060","4060","0.9","0.9","0.9","4060","4060","4060","0.95","0.95","0.95","","","","","","","","","","","","","4060","4060","4060","0.975","0.975","0.975","4060","4060","4060","1","1","1"
"0.64","","","","","","","2095","2095","2095","0.55","0.55","0.55","4191","4191","4191","0.8","0.8","0.8","4191","4191","4191","0.925","0.925","0.925","","","","","","","2095","2095","2095","0.775","0.775","0.775","4191","4191","4191","0.85","0.85","0.85","4191","4191","4191","0.95","0.95","0.95"
"0.6586826347305389","1440","1440","1440","0.27500000074505804","0.27500000074505804","0.27500000074505804","","","","","","","","","","","","","","","","","","","1440","1440","1440","0.1666666679084301","0.1666666679084301","0.1666666679084301","","","","","","","","","","","","","","","","","",""
"0.66","","","","","","","","","","","","","4322","4322","4322","0.9","0.9","0.9","4322","4322","4322","0.875","0.875","0.875","","","","","","","","","","","","","4322","4322","4322","0.875","0.875","0.875","4322","4322","4322","0.925","0.925","0.925"
"0.68","","","","","","","2226","2226","2226","0.55","0.55","0.55","4453","4453","4453","0.8","0.8","0.8","4453","4453","4453","0.975","0.975","0.975","","","","","","","2226","2226","2226","0.8","0.8","0.8","4453","4453","4453","0.975","0.975","0.975","4453","4453","4453","0.925","0.925","0.925"
"0.7","","","","","","","","","","","","","4584","4584","4584","0.675","0.675","0.675","4584","4584","4584","0.875","0.875","0.875","","","","","","","","","","","","","4584","4584","4584","0.875","0.875","0.875","4584","4584","4584","0.9","0.9","0.9"
"0.718562874251497","1571","1571","1571","0.33333333358168604","0.33333333358168604","0.33333333358168604","","","","","","","","","","","","","","","","","","","1571","1571","1571","0.34166666865348816","0.34166666865348816","0.34166666865348816","","","","","","","","","","","","","","","","","",""
"0.72","","","","","","","2357","2357","2357","0.5625","0.5625","0.5625","4715","4715","4715","0.75","0.75","0.75","4715","4715","4715","0.9","0.9","0.9","","","","","","","2357","2357","2357","0.825","0.825","0.825","4715","4715","4715","0.875","0.875","0.875","4715","4715","4715","0.95","0.95","0.95"
"0.74","","","","","","","","","","","","","4846","4846","4846","0.775","0.775","0.775","4846","4846","4846","0.825","0.825","0.825","","","","","","","","","","","","","4846","4846","4846","0.875","0.875","0.875","4846","4846","4846","0.825","0.825","0.825"
"0.76","","","","","","","2488","2488","2488","0.5625","0.5625","0.5625","4977","4977","4977","0.75","0.75","0.75","4977","4977","4977","0.85","0.85","0.85","","","","","","","2488","2488","2488","0.8625","0.8625","0.8625","4977","4977","4977","1","1","1","4977","4977","4977","0.95","0.95","0.95"
"0.7784431137724551","1702","1702","1702","0.3333333387970924","0.3333333387970924","0.3333333387970924","","","","","","","","","","","","","","","","","","","1702","1702","1702","0.3583333358168602","0.3583333358168602","0.3583333358168602","","","","","","","","","","","","","","","","","",""
"0.78","","","","","","","","","","","","","5108","5108","5108","0.675","0.675","0.675","5108","5108","5108","0.925","0.925","0.925","","","","","","","","","","","","","5108","5108","5108","0.925","0.925","0.925","5108","5108","5108","0.925","0.925","0.925"
"0.8","","","","","","","2619","2619","2619","0.725","0.725","0.725","5239","5239","5239","0.75","0.75","0.75","5239","5239","5239","0.9","0.9","0.9","","","","","","","2619","2619","2619","0.9","0.9","0.9","5239","5239","5239","1","1","1","5239","5239","5239","0.875","0.875","0.875"
"0.82","","","","","","","","","","","","","5370","5370","5370","0.725","0.725","0.725","5370","5370","5370","0.8","0.8","0.8","","","","","","","","","","","","","5370","5370","5370","0.875","0.875","0.875","5370","5370","5370","0.7","0.7","0.7"
"0.8383233532934131","1833","1833","1833","0.44166665971279145","0.44166665971279145","0.44166665971279145","","","","","","","","","","","","","","","","","","","1833","1833","1833","0.4499999977648258","0.4499999977648258","0.4499999977648258","","","","","","","","","","","","","","","","","",""
"0.84","","","","","","","2750","2750","2750","0.7","0.7","0.7","5501","5501","5501","0.675","0.675","0.675","5501","5501","5501","0.925","0.925","0.925","","","","","","","2750","2750","2750","0.85","0.85","0.85","5501","5501","5501","1","1","1","5501","5501","5501","0.975","0.975","0.975"
"0.86","","","","","","","","","","","","","5632","5632","5632","0.575","0.575","0.575","5632","5632","5632","0.75","0.75","0.75","","","","","","","","","","","","","5632","5632","5632","0.925","0.925","0.925","5632","5632","5632","0.85","0.85","0.85"
"0.88","","","","","","","2881","2881","2881","0.575","0.575","0.575","5763","5763","5763","0.725","0.725","0.725","5763","5763","5763","0.9","0.9","0.9","","","","","","","2881","2881","2881","0.8","0.8","0.8","5763","5763","5763","1","1","1","5763","5763","5763","0.95","0.95","0.95"
"0.8982035928143712","1964","1964","1964","0.3250000007450581","0.3250000007450581","0.3250000007450581","","","","","","","","","","","","","","","","","","","1964","1964","1964","0.31666666492819784","0.31666666492819784","0.31666666492819784","","","","","","","","","","","","","","","","","",""
"0.9","","","","","","","","","","","","","5894","5894","5894","0.7","0.7","0.7","5894","5894","5894","0.9","0.9","0.9","","","","","","","","","","","","","5894","5894","5894","0.925","0.925","0.925","5894","5894","5894","0.9","0.9","0.9"
"0.92","","","","","","","3012","3012","3012","0.6","0.6","0.6","6025","6025","6025","0.775","0.775","0.775","6025","6025","6025","0.925","0.925","0.925","","","","","","","3012","3012","3012","0.9125","0.9125","0.9125","6025","6025","6025","0.975","0.975","0.975","6025","6025","6025","0.975","0.975","0.975"
"0.94","","","","","","","","","","","","","6156","6156","6156","0.7","0.7","0.7","6156","6156","6156","0.8","0.8","0.8","","","","","","","","","","","","","6156","6156","6156","0.95","0.95","0.95","6156","6156","6156","1","1","1"
"0.9580838323353293","2095","2095","2095","0.3583333298563957","0.3583333298563957","0.3583333298563957","","","","","","","","","","","","","","","","","","","2095","2095","2095","0.4416666679084301","0.4416666679084301","0.4416666679084301","","","","","","","","","","","","","","","","","",""
"0.96","","","","","","","3143","3143","3143","0.5375","0.5375","0.5375","6287","6287","6287","0.725","0.725","0.725","6287","6287","6287","0.75","0.75","0.75","","","","","","","3143","3143","3143","0.85","0.85","0.85","6287","6287","6287","0.9","0.9","0.9","6287","6287","6287","0.975","0.975","0.975"
"0.98","","","","","","","","","","","","","6418","6418","6418","0.75","0.75","0.75","6418","6418","6418","0.875","0.875","0.875","","","","","","","","","","","","","6418","6418","6418","1","1","1","6418","6418","6418","0.975","0.975","0.975"
"1","","","","","","","3274","3274","3274","0.725","0.725","0.725","6549","6549","6549","0.65","0.65","0.65","6549","6549","6549","0.775","0.775","0.775","","","","","","","3274","3274","3274","0.925","0.925","0.925","6549","6549","6549","0.9","0.9","0.9","6549","6549","6549","0.95","0.95","0.95"
"1.02","","","","","","","","","","","","","6680","6680","6680","0.475","0.475","0.475","6680","6680","6680","0.875","0.875","0.875","","","","","","","","","","","","","6680","6680","6680","0.875","0.875","0.875","6680","6680","6680","0.825","0.825","0.825"
"1.0239520958083832","2226","2226","2226","0.5166666671633721","0.5166666671633721","0.5166666671633721","","","","","","","","","","","","","","","","","","","2226","2226","2226","0.5916666567325592","0.5916666567325592","0.5916666567325592","","","","","","","","","","","","","","","","","",""
"1.04","","","","","","","3405","3405","3405","0.75","0.75","0.75","6811","6811","6811","0.525","0.525","0.525","6811","6811","6811","0.875","0.875","0.875","","","","","","","3405","3405","3405","0.9","0.9","0.9","6811","6811","6811","0.975","0.975","0.975","6811","6811","6811","0.9","0.9","0.9"
"1.06","","","","","","","","","","","","","6942","6942","6942","0.475","0.475","0.475","6942","6942","6942","0.85","0.85","0.85","","","","","","","","","","","","","6942","6942","6942","0.925","0.925","0.925","6942","6942","6942","0.975","0.975","0.975"
"1.08","","","","","","","3536","3536","3536","0.6625","0.6625","0.6625","7073","7073","7073","0.625","0.625","0.625","7073","7073","7073","0.95","0.95","0.95","","","","","","","3536","3536","3536","0.925","0.925","0.925","7073","7073","7073","1","1","1","7073","7073","7073","0.95","0.95","0.95"
"1.0838323353293413","2357","2357","2357","0.40833333432674407","0.40833333432674407","0.40833333432674407","","","","","","","","","","","","","","","","","","","2357","2357","2357","0.575","0.575","0.575","","","","","","","","","","","","","","","","","",""
"1.1","","","","","","","","","","","","","7204","7204","7204","0.625","0.625","0.625","7204","7204","7204","0.85","0.85","0.85","","","","","","","","","","","","","7204","7204","7204","0.9","0.9","0.9","7204","7204","7204","0.85","0.85","0.85"
"1.12","","","","","","","3667","3667","3667","0.6","0.6","0.6","7335","7335","7335","0.525","0.525","0.525","7335","7335","7335","0.775","0.775","0.775","","","","","","","3667","3667","3667","0.8625","0.8625","0.8625","7335","7335","7335","0.875","0.875","0.875","7335","7335","7335","0.875","0.875","0.875"
"1.1400000000000001","","","","","","","","","","","","","7466","7466","7466","0.75","0.75","0.75","7466","7466","7466","0.725","0.725","0.725","","","","","","","","","","","","","7466","7466","7466","0.925","0.925","0.925","7466","7466","7466","0.95","0.95","0.95"
"1.1437125748502994","2488","2488","2488","0.31666666492819784","0.31666666492819784","0.31666666492819784","","","","","","","","","","","","","","","","","","","2488","2488","2488","0.46666665822267533","0.46666665822267533","0.46666665822267533","","","","","","","","","","","","","","","","","",""
"1.16","","","","","","","3798","3798","3798","0.4875","0.4875","0.4875","7597","7597","7597","0.625","0.625","0.625","7597","7597","7597","0.675","0.675","0.675","","","","","","","3798","3798","3798","0.8125","0.8125","0.8125","7597","7597","7597","0.85","0.85","0.85","7597","7597","7597","0.9","0.9","0.9"
"1.18","","","","","","","","","","","","","7728","7728","7728","0.7","0.7","0.7","7728","7728","7728","0.9","0.9","0.9","","","","","","","","","","","","","7728","7728","7728","1","1","1","7728","7728","7728","0.975","0.975","0.975"
"1.2","","","","","","","3929","3929","3929","0.5875","0.5875","0.5875","7859","7859","7859","0.8","0.8","0.8","7859","7859","7859","0.825","0.825","0.825","","","","","","","3929","3929","3929","0.8875","0.8875","0.8875","7859","7859","7859","1","1","1","7859","7859","7859","0.925","0.925","0.925"
"1.2035928143712575","2619","2619","2619","0.2833333365619183","0.2833333365619183","0.2833333365619183","","","","","","","","","","","","","","","","","","","2619","2619","2619","0.40833333134651184","0.40833333134651184","0.40833333134651184","","","","","","","","","","","","","","","","","",""
"1.22","","","","","","","","","","","","","7990","7990","7990","0.7","0.7","0.7","7990","7990","7990","0.85","0.85","0.85","","","","","","","","","","","","","7990","7990","7990","1","1","1","7990","7990","7990","0.9","0.9","0.9"
"1.24","","","","","","","4060","4060","4060","0.675","0.675","0.675","8121","8121","8121","0.625","0.625","0.625","8121","8121","8121","0.9","0.9","0.9","","","","","","","4060","4060","4060","0.8875","0.8875","0.8875","8121","8121","8121","0.95","0.95","0.95","8121","8121","8121","0.925","0.925","0.925"
"1.26","","","","","","","","","","","","","8252","8252","8252","0.7","0.7","0.7","8252","8252","8252","0.85","0.85","0.85","","","","","","","","","","","","","8252","8252","8252","1","1","1","8252","8252","8252","0.975","0.975","0.975"
"1.2634730538922156","2750","2750","2750","0.4000000022351742","0.4000000022351742","0.4000000022351742","","","","","","","","","","","","","","","","","","","2750","2750","2750","0.5000000044703483","0.5000000044703483","0.5000000044703483","","","","","","","","","","","","","","","","","",""
"1.28","","","","","","","4191","4191","4191","0.6625","0.6625","0.6625","8383","8383","8383","0.775","0.775","0.775","8383","8383","8383","0.775","0.775","0.775","","","","","","","4191","4191","4191","0.9375","0.9375","0.9375","8383","8383","8383","1","1","1","8383","8383","8383","1","1","1"
"1.3","","","","","","","","","","","","","8514","8514","8514","0.65","0.65","0.65","8514","8514","8514","0.775","0.775","0.775","","","","","","","","","","","","","8514","8514","8514","0.925","0.925","0.925","8514","8514","8514","0.875","0.875","0.875"
"1.32","","","","","","","4322","4322","4322","0.6","0.6","0.6","8645","8645","8645","0.775","0.775","0.775","8645","8645","8645","0.875","0.875","0.875","","","","","","","4322","4322","4322","0.9375","0.9375","0.9375","8645","8645","8645","1","1","1","8645","8645","8645","1","1","1"
"1.3233532934131738","2881","2881","2881","0.4916666656732559","0.4916666656732559","0.4916666656732559","","","","","","","","","","","","","","","","","","","2881","2881","2881","0.475","0.475","0.475","","","","","","","","","","","","","","","","","",""
"1.34","","","","","","","","","","","","","8776","8776","8776","0.775","0.775","0.775","8776","8776","8776","0.775","0.775","0.775","","","","","","","","","","","","","8776","8776","8776","1","1","1","8776","8776","8776","1","1","1"
"1.3599999999999999","","","","","","","4453","4453","4453","0.75","0.75","0.75","8907","8907","8907","0.825","0.825","0.825","8907","8907","8907","0.925","0.925","0.925","","","","","","","4453","4453","4453","0.9875","0.9875","0.9875","8907","8907","8907","0.975","0.975","0.975","8907","8907","8907","1","1","1"
"1.38","","","","","","","","","","","","","9038","9038","9038","0.875","0.875","0.875","9038","9038","9038","0.75","0.75","0.75","","","","","","","","","","","","","9038","9038","9038","0.975","0.975","0.975","9038","9038","9038","0.9","0.9","0.9"
"1.3832335329341316","3012","3012","3012","0.42500000149011613","0.42500000149011613","0.42500000149011613","","","","","","","","","","","","","","","","","","","3012","3012","3012","0.5333333276212215","0.5333333276212215","0.5333333276212215","","","","","","","","","","","","","","","","","",""
"1.4","","","","","","","4584","4584","4584","0.725","0.725","0.725","9169","9169","9169","0.8","0.8","0.8","9169","9169","9169","0.625","0.625","0.625","","","","","","","4584","4584","4584","0.85","0.85","0.85","9169","9169","9169","0.85","0.85","0.85","9169","9169","9169","0.825","0.825","0.825"
"1.42","","","","","","","","","","","","","9300","9300","9300","0.7","0.7","0.7","9300","9300","9300","0.725","0.725","0.725","","","","","","","","","","","","","9300","9300","9300","0.875","0.875","0.875","9300","9300","9300","0.85","0.85","0.85"
"1.44","","","","","","","4715","4715","4715","0.75","0.75","0.75","9431","9431","9431","0.775","0.775","0.775","9431","9431","9431","0.925","0.925","0.925","","","","","","","4715","4715","4715","0.8875","0.8875","0.8875","9431","9431","9431","0.875","0.875","0.875","9431","9431","9431","0.975","0.975","0.975"
"1.4431137724550898","3143","3143","3143","0.5166666686534882","0.5166666686534882","0.5166666686534882","","","","","","","","","","","","","","","","","","","3143","3143","3143","0.566666665673256","0.566666665673256","0.566666665673256","","","","","","","","","","","","","","","","","",""
"1.46","","","","","","","","","","","","","9562","9562","9562","0.9","0.9","0.9","9562","9562","9562","0.775","0.775","0.775","","","","","","","","","","","","","9562","9562","9562","0.975","0.975","0.975","9562","9562","9562","1","1","1"
"1.48","","","","","","","4846","4846","4846","0.75","0.75","0.75","9693","9693","9693","0.8","0.8","0.8","9693","9693","9693","0.825","0.825","0.825","","","","","","","4846","4846","4846","0.9625","0.9625","0.9625","9693","9693","9693","0.9","0.9","0.9","9693","9693","9693","0.85","0.85","0.85"
"1.5","","","","","","","","","","","","","9824","9824","9824","0.975","0.975","0.975","9824","9824","9824","0.825","0.825","0.825","","","","","","","","","","","","","9824","9824","9824","1","1","1","9824","9824","9824","1","1","1"
"1.5029940119760479","3274","3274","3274","0.6333333373069763","0.6333333373069763","0.6333333373069763","","","","","","","","","","","","","","","","","","","3274","3274","3274","0.6333333373069763","0.6333333373069763","0.6333333373069763","","","","","","","","","","","","","","","","","",""
"1.52","","","","","","","4977","4977","4977","0.8375","0.8375","0.8375","9955","9955","9955","0.9","0.9","0.9","9955","9955","9955","0.9","0.9","0.9","","","","","","","4977","4977","4977","0.925","0.925","0.925","9955","9955","9955","0.975","0.975","0.975","9955","9955","9955","0.95","0.95","0.95"
"1.54","","","","","","","","","","","","","10086","10086","10086","0.95","0.95","0.95","10086","10086","10086","0.8","0.8","0.8","","","","","","","","","","","","","10086","10086","10086","0.925","0.925","0.925","10086","10086","10086","1","1","1"
"1.56","","","","","","","5108","5108","5108","0.5125","0.5125","0.5125","10217","10217","10217","0.75","0.75","0.75","10217","10217","10217","0.625","0.625","0.625","","","","","","","5108","5108","5108","0.825","0.825","0.825","10217","10217","10217","0.825","0.825","0.825","10217","10217","10217","0.85","0.85","0.85"
"1.562874251497006","3405","3405","3405","0.4000000052154064","0.4000000052154064","0.4000000052154064","","","","","","","","","","","","","","","","","","","3405","3405","3405","0.5583333283662796","0.5583333283662796","0.5583333283662796","","","","","","","","","","","","","","","","","",""
"1.58","","","","","","","","","","","","","10348","10348","10348","0.95","0.95","0.95","10348","10348","10348","0.925","0.925","0.925","","","","","","","","","","","","","10348","10348","10348","1","1","1","10348","10348","10348","0.975","0.975","0.975"
"1.6","","","","","","","5239","5239","5239","0.7","0.7","0.7","10479","10479","10479","0.9","0.9","0.9","10479","10479","10479","0.95","0.95","0.95","","","","","","","5239","5239","5239","0.9625","0.9625","0.9625","10479","10479","10479","1","1","1","10479","10479","10479","0.975","0.975","0.975"
"1.62","","","","","","","","","","","","","10610","10610","10610","0.85","0.85","0.85","10610","10610","10610","0.825","0.825","0.825","","","","","","","","","","","","","10610","10610","10610","0.875","0.875","0.875","10610","10610","10610","0.875","0.875","0.875"
"1.622754491017964","3536","3536","3536","0.45833333283662797","0.45833333283662797","0.45833333283662797","","","","","","","","","","","","","","","","","","","3536","3536","3536","0.5833333283662796","0.5833333283662796","0.5833333283662796","","","","","","","","","","","","","","","","","",""
"1.6400000000000001","","","","","","","5370","5370","5370","0.675","0.675","0.675","10741","10741","10741","0.75","0.75","0.75","10741","10741","10741","0.7","0.7","0.7","","","","","","","5370","5370","5370","0.8375","0.8375","0.8375","10741","10741","10741","0.9","0.9","0.9","10741","10741","10741","0.9","0.9","0.9"
"1.6600000000000001","","","","","","","","","","","","","10872","10872","10872","1","1","1","10872","10872","10872","0.9","0.9","0.9","","","","","","","","","","","","","10872","10872","10872","1","1","1","10872","10872","10872","0.925","0.925","0.925"
"1.6800000000000002","","","","","","","5501","5501","5501","0.6875","0.6875","0.6875","11003","11003","11003","0.925","0.925","0.925","11003","11003","11003","0.925","0.925","0.925","","","","","","","5501","5501","5501","0.95","0.95","0.95","11003","11003","11003","1","1","1","11003","11003","11003","1","1","1"
"1.6826347305389222","3667","3667","3667","0.45833332985639574","0.45833332985639574","0.45833332985639574","","","","","","","","","","","","","","","","","","","3667","3667","3667","0.6333333283662796","0.6333333283662796","0.6333333283662796","","","","","","","","","","","","","","","","","",""
"1.7","","","","","","","","","","","","","11134","11134","11134","0.825","0.825","0.825","11134","11134","11134","0.65","0.65","0.65","","","","","","","","","","","","","11134","11134","11134","0.775","0.775","0.775","11134","11134","11134","0.725","0.725","0.725"
"1.72","","","","","","","5632","5632","5632","0.7625","0.7625","0.7625","11265","11265","11265","0.9","0.9","0.9","11265","11265","11265","0.925","0.925","0.925","","","","","","","5632","5632","5632","0.7875","0.7875","0.7875","11265","11265","11265","1","1","1","11265","11265","11265","1","1","1"
"1.74","","","","","","","","","","","","","11396","11396","11396","0.875","0.875","0.875","11396","11396","11396","0.9","0.9","0.9","","","","","","","","","","","","","11396","11396","11396","0.875","0.875","0.875","11396","11396","11396","0.9","0.9","0.9"
"1.7425149700598803","3798","3798","3798","0.466666666418314","0.466666666418314","0.466666666418314","","","","","","","","","","","","","","","","","","","3798","3798","3798","0.6333333343267441","0.6333333343267441","0.6333333343267441","","","","","","","","","","","","","","","","","",""
"1.76","","","","","","","5763","5763","5763","0.8","0.8","0.8","11527","11527","11527","0.9","0.9","0.9","11527","11527","11527","0.95","0.95","0.95","","","","","","","5763","5763","5763","0.925","0.925","0.925","11527","11527","11527","1","1","1","11527","11527","11527","0.975","0.975","0.975"
"1.78","","","","","","","","","","","","","11658","11658","11658","0.95","0.95","0.95","11658","11658","11658","0.975","0.975","0.975","","","","","","","","","","","","","11658","11658","11658","1","1","1","11658","11658","11658","1","1","1"
"1.8","","","","","","","5894","5894","5894","0.775","0.775","0.775","11789","11789","11789","0.825","0.825","0.825","11789","11789","11789","1","1","1","","","","","","","5894","5894","5894","0.9125","0.9125","0.9125","11789","11789","11789","0.975","0.975","0.975","11789","11789","11789","0.975","0.975","0.975"
"1.8023952095808382","3929","3929","3929","0.3833333276212215","0.3833333276212215","0.3833333276212215","","","","","","","","","","","","","","","","","","","3929","3929","3929","0.7250000059604644","0.7250000059604644","0.7250000059604644","","","","","","","","","","","","","","","","","",""
"1.8199999999999998","","","","","","","","","","","","","11920","11920","11920","0.9","0.9","0.9","11920","11920","11920","0.85","0.85","0.85","","","","","","","","","","","","","11920","11920","11920","1","1","1","11920","11920","11920","1","1","1"
"1.8399999999999999","","","","","","","6025","6025","6025","0.75","0.75","0.75","12051","12051","12051","0.95","0.95","0.95","12051","12051","12051","0.95","0.95","0.95","","","","","","","6025","6025","6025","0.9625","0.9625","0.9625","12051","12051","12051","0.95","0.95","0.95","12051","12051","12051","0.925","0.925","0.925"
"1.8599999999999999","","","","","","","","","","","","","12182","12182","12182","0.8","0.8","0.8","12182","12182","12182","0.85","0.85","0.85","","","","","","","","","","","","","12182","12182","12182","0.95","0.95","0.95","12182","12182","12182","0.975","0.975","0.975"
"1.8622754491017965","4060","4060","4060","0.4166666641831398","0.4166666641831398","0.4166666641831398","","","","","","","","","","","","","","","","","","","4060","4060","4060","0.6666666626930237","0.6666666626930237","0.6666666626930237","","","","","","","","","","","","","","","","","",""
"1.88","","","","","","","6156","6156","6156","0.7625","0.7625","0.7625","12313","12313","12313","0.825","0.825","0.825","12313","12313","12313","0.9","0.9","0.9","","","","","","","6156","6156","6156","0.975","0.975","0.975","12313","12313","12313","1","1","1","12313","12313","12313","1","1","1"
"1.9","","","","","","","","","","","","","12444","12444","12444","0.875","0.875","0.875","12444","12444","12444","0.925","0.925","0.925","","","","","","","","","","","","","12444","12444","12444","0.95","0.95","0.95","12444","12444","12444","0.975","0.975","0.975"
"1.92","","","","","","","6287","6287","6287","0.7375","0.7375","0.7375","12575","12575","12575","0.925","0.925","0.925","12575","12575","12575","0.95","0.95","0.95","","","","","","","6287","6287","6287","0.9625","0.9625","0.9625","12575","12575","12575","0.975","0.975","0.975","12575","12575","12575","1","1","1"
"1.9221556886227544","4191","4191","4191","0.40000000819563863","0.40000000819563863","0.40000000819563863","","","","","","","","","","","","","","","","","","","4191","4191","4191","0.7166666686534882","0.7166666686534882","0.7166666686534882","","","","","","","","","","","","","","","","","",""
"1.94","","","","","","","","","","","","","12706","12706","12706","0.825","0.825","0.825","12706","12706","12706","0.95","0.95","0.95","","","","","","","","","","","","","12706","12706","12706","0.975","0.975","0.975","12706","12706","12706","1","1","1"
"1.96","","","","","","","6418","6418","6418","0.7625","0.7625","0.7625","12837","12837","12837","0.925","0.925","0.925","12837","12837","12837","1","1","1","","","","","","","6418","6418","6418","0.9375","0.9375","0.9375","12837","12837","12837","0.975","0.975","0.975","12837","12837","12837","1","1","1"
"1.98","","","","","","","","","","","","","12968","12968","12968","0.8","0.8","0.8","12968","12968","12968","0.8","0.8","0.8","","","","","","","","","","","","","12968","12968","12968","0.875","0.875","0.875","12968","12968","12968","0.9","0.9","0.9"
"1.9820359281437125","4322","4322","4322","0.37499999478459356","0.37499999478459356","0.37499999478459356","","","","","","","","","","","","","","","","","","","4322","4322","4322","0.6250000119209289","0.6250000119209289","0.6250000119209289","","","","","","","","","","","","","","","","","",""
"2","","","","","","","6549","6549","6549","0.4","0.4","0.4","13099","13099","13099","0.975","0.975","0.975","13099","13099","13099","0.75","0.75","0.75","","","","","","","6549","6549","6549","0.7875","0.7875","0.7875","13099","13099","13099","0.925","0.925","0.925","13099","13099","13099","0.975","0.975","0.975"
"2.02","","","","","","","","","","","","","13230","13230","13230","0.925","0.925","0.925","13230","13230","13230","0.95","0.95","0.95","","","","","","","","","","","","","13230","13230","13230","1","1","1","13230","13230","13230","0.95","0.95","0.95"
"2.04","","","","","","","6680","6680","6680","0.775","0.775","0.775","13361","13361","13361","0.8","0.8","0.8","13361","13361","13361","0.775","0.775","0.775","","","","","","","6680","6680","6680","0.975","0.975","0.975","13361","13361","13361","0.9","0.9","0.9","13361","13361","13361","0.9","0.9","0.9"
"2.0479041916167664","4453","4453","4453","0.44999999925494194","0.44999999925494194","0.44999999925494194","","","","","","","","","","","","","","","","","","","4453","4453","4453","0.6999999940395355","0.6999999940395355","0.6999999940395355","","","","","","","","","","","","","","","","","",""
"2.06","","","","","","","","","","","","","13492","13492","13492","0.775","0.775","0.775","13492","13492","13492","0.775","0.775","0.775","","","","","","","","","","","","","13492","13492","13492","0.925","0.925","0.925","13492","13492","13492","0.9","0.9","0.9"
"2.08","","","","","","","6811","6811","6811","0.6375","0.6375","0.6375","13623","13623","13623","0.95","0.95","0.95","13623","13623","13623","0.9","0.9","0.9","","","","","","","6811","6811","6811","0.8875","0.8875","0.8875","13623","13623","13623","0.9","0.9","0.9","13623","13623","13623","0.95","0.95","0.95"
"2.1","","","","","","","","","","","","","13754","13754","13754","0.95","0.95","0.95","13754","13754","13754","0.85","0.85","0.85","","","","","","","","","","","","","13754","13754","13754","0.975","0.975","0.975","13754","13754","13754","0.975","0.975","0.975"
"2.1077844311377247","4584","4584","4584","0.42499999403953553","0.42499999403953553","0.42499999403953553","","","","","","","","","","","","","","","","","","","4584","4584","4584","0.7083333373069763","0.7083333373069763","0.7083333373069763","","","","","","","","","","","","","","","","","",""
"2.12","","","","","","","6942","6942","6942","0.6625","0.6625","0.6625","13885","13885","13885","0.825","0.825","0.825","13885","13885","13885","0.725","0.725","0.725","","","","","","","6942","6942","6942","0.9","0.9","0.9","13885","13885","13885","0.9","0.9","0.9","13885","13885","13885","0.875","0.875","0.875"
"2.14","","","","","","","","","","","","","14016","14016","14016","0.975","0.975","0.975","14016","14016","14016","0.825","0.825","0.825","","","","","","","","","","","","","14016","14016","14016","0.975","0.975","0.975","14016","14016","14016","0.975","0.975","0.975"
"2.16","","","","","","","7073","7073","7073","0.65","0.65","0.65","14147","14147","14147","0.875","0.875","0.875","14147","14147","14147","0.575","0.575","0.575","","","","","","","7073","7073","7073","0.875","0.875","0.875","14147","14147","14147","0.9","0.9","0.9","14147","14147","14147","0.9","0.9","0.9"
"2.1676646706586826","4715","4715","4715","0.4166666716337204","0.4166666716337204","0.4166666716337204","","","","","","","","","","","","","","","","","","","4715","4715","4715","0.8499999940395355","0.8499999940395355","0.8499999940395355","","","","","","","","","","","","","","","","","",""
"2.18","","","","","","","","","","","","","14278","14278","14278","0.925","0.925","0.925","14278","14278","14278","0.775","0.775","0.775","","","","","","","","","","","","","14278","14278","14278","0.975","0.975","0.975","14278","14278","14278","0.975","0.975","0.975"
"2.2","","","","","","","7204","7204","7204","0.6","0.6","0.6","14409","14409","14409","0.9","0.9","0.9","14409","14409","14409","0.625","0.625","0.625","","","","","","","7204","7204","7204","0.9375","0.9375","0.9375","14409","14409","14409","0.9","0.9","0.9","14409","14409","14409","1","1","1"
"2.22","","","","","","","","","","","","","14540","14540","14540","0.875","0.875","0.875","14540","14540","14540","0.95","0.95","0.95","","","","","","","","","","","","","14540","14540","14540","1","1","1","14540","14540","14540","0.975","0.975","0.975"
"2.2275449101796405","4846","4846","4846","0.4749999940395355","0.4749999940395355","0.4749999940395355","","","","","","","","","","","","","","","","","","","4846","4846","4846","0.875","0.875","0.875","","","","","","","","","","","","","","","","","",""
"2.24","","","","","","","7335","7335","7335","0.8125","0.8125","0.8125","14671","14671","14671","0.825","0.825","0.825","14671","14671","14671","0.825","0.825","0.825","","","","","","","7335","7335","7335","1","1","1","14671","14671","14671","0.975","0.975","0.975","14671","14671","14671","1","1","1"
"2.26","","","","","","","","","","","","","14802","14802","14802","0.85","0.85","0.85","14802","14802","14802","0.9","0.9","0.9","","","","","","","","","","","","","14802","14802","14802","0.975","0.975","0.975","14802","14802","14802","1","1","1"
"2.2800000000000002","","","","","","","7466","7466","7466","0.65","0.65","0.65","14933","14933","14933","0.875","0.875","0.875","14933","14933","14933","0.8","0.8","0.8","","","","","","","7466","7466","7466","0.9375","0.9375","0.9375","14933","14933","14933","0.975","0.975","0.975","14933","14933","14933","0.85","0.85","0.85"
"2.287425149700599","4977","4977","4977","0.4999999970197678","0.4999999970197678","0.4999999970197678","","","","","","","","","","","","","","","","","","","4977","4977","4977","0.8416666686534882","0.8416666686534882","0.8416666686534882","","","","","","","","","","","","","","","","","",""
"2.3","","","","","","","","","","","","","15064","15064","15064","0.9","0.9","0.9","15064","15064","15064","0.875","0.875","0.875","","","","","","","","","","","","","15064","15064","15064","0.975","0.975","0.975","15064","15064","15064","0.975","0.975","0.975"
"2.32","","","","","","","7597","7597","7597","0.6625","0.6625","0.6625","15195","15195","15195","0.9","0.9","0.9","15195","15195","15195","0.7","0.7","0.7","","","","","","","7597","7597","7597","0.85","0.85","0.85","15195","15195","15195","0.975","0.975","0.975","15195","15195","15195","1","1","1"
"2.34","","","","","","","","","","","","","15326","15326","15326","0.975","0.975","0.975","15326","15326","15326","0.925","0.925","0.925","","","","","","","","","","","","","15326","15326","15326","0.975","0.975","0.975","15326","15326","15326","0.975","0.975","0.975"
"2.3473053892215567","5108","5108","5108","0.4750000022351742","0.4750000022351742","0.4750000022351742","","","","","","","","","","","","","","","","","","","5108","5108","5108","0.7499999970197677","0.7499999970197677","0.7499999970197677","","","","","","","","","","","","","","","","","",""
"2.36","","","","","","","7728","7728","7728","0.6875","0.6875","0.6875","15457","15457","15457","0.975","0.975","0.975","15457","15457","15457","0.875","0.875","0.875","","","","","","","7728","7728","7728","0.9625","0.9625","0.9625","15457","15457","15457","0.975","0.975","0.975","15457","15457","15457","1","1","1"
"2.38","","","","","","","","","","","","","15588","15588","15588","1","1","1","15588","15588","15588","0.875","0.875","0.875","","","","","","","","","","","","","15588","15588","15588","1","1","1","15588","15588","15588","1","1","1"
"2.4","","","","","","","7859","7859","7859","0.775","0.775","0.775","15719","15719","15719","0.925","0.925","0.925","15719","15719","15719","0.875","0.875","0.875","","","","","","","7859","7859","7859","0.9625","0.9625","0.9625","15719","15719","15719","0.975","0.975","0.975","15719","15719","15719","1","1","1"
"2.407185628742515","5239","5239","5239","0.41666666716337203","0.41666666716337203","0.41666666716337203","","","","","","","","","","","","","","","","","","","5239","5239","5239","0.8750000059604645","0.8750000059604645","0.8750000059604645","","","","","","","","","","","","","","","","","",""
"2.42","","","","","","","","","","","","","15850","15850","15850","0.925","0.925","0.925","15850","15850","15850","0.65","0.65","0.65","","","","","","","","","","","","","15850","15850","15850","1","1","1","15850","15850","15850","1","1","1"
"2.44","","","","","","","7990","7990","7990","0.6375","0.6375","0.6375","15981","15981","15981","0.875","0.875","0.875","15981","15981","15981","0.75","0.75","0.75","","","","","","","7990","7990","7990","0.8625","0.8625","0.8625","15981","15981","15981","0.875","0.875","0.875","15981","15981","15981","0.9","0.9","0.9"
"2.46","","","","","","","","","","","","","16112","16112","16112","0.95","0.95","0.95","16112","16112","16112","1","1","1","","","","","","","","","","","","","16112","16112","16112","1","1","1","16112","16112","16112","1","1","1"
"2.467065868263473","5370","5370","5370","0.41666666641831396","0.41666666641831396","0.41666666641831396","","","","","","","","","","","","","","","","","","","5370","5370","5370","0.825","0.825","0.825","","","","","","","","","","","","","","","","","",""
"2.48","","","","","","","8121","8121","8121","0.8125","0.8125","0.8125","16243","16243","16243","0.825","0.825","0.825","16243","16243","16243","0.9","0.9","0.9","","","","","","","8121","8121","8121","0.925","0.925","0.925","16243","16243","16243","0.8","0.8","0.8","16243","16243","16243","0.925","0.925","0.925"
"2.5","","","","","","","","","","","","","16374","16374","16374","0.775","0.775","0.775","16374","16374","16374","0.675","0.675","0.675","","","","","","","","","","","","","16374","16374","16374","0.9","0.9","0.9","16374","16374","16374","0.9","0.9","0.9"
"2.52","","","","","","","8252","8252","8252","0.675","0.675","0.675","16505","16505","16505","0.9","0.9","0.9","16505","16505","16505","0.775","0.775","0.775","","","","","","","8252","8252","8252","0.85","0.85","0.85","16505","16505","16505","0.825","0.825","0.825","16505","16505","16505","0.9","0.9","0.9"
"2.5269461077844313","5501","5501","5501","0.30833333134651186","0.30833333134651186","0.30833333134651186","","","","","","","","","","","","","","","","","","","5501","5501","5501","0.7250000059604644","0.7250000059604644","0.7250000059604644","","","","","","","","","","","","","","","","","",""
"2.54","","","","","","","","","","","","","16636","16636","16636","0.875","0.875","0.875","16636","16636","16636","0.825","0.825","0.825","","","","","","","","","","","","","16636","16636","16636","1","1","1","16636","16636","16636","0.95","0.95","0.95"
"2.56","","","","","","","8383","8383","8383","0.6875","0.6875","0.6875","16767","16767","16767","0.825","0.825","0.825","16767","16767","16767","0.925","0.925","0.925","","","","","","","8383","8383","8383","0.9625","0.9625","0.9625","16767","16767","16767","0.975","0.975","0.975","16767","16767","16767","0.925","0.925","0.925"
"2.58","","","","","","","","","","","","","16898","16898","16898","0.925","0.925","0.925","16898","16898","16898","0.75","0.75","0.75","","","","","","","","","","","","","16898","16898","16898","1","1","1","16898","16898","16898","1","1","1"
"2.586826347305389","5632","5632","5632","0.3666666686534882","0.3666666686534882","0.3666666686534882","","","","","","","","","","","","","","","","","","","5632","5632","5632","0.7666666686534882","0.7666666686534882","0.7666666686534882","","","","","","","","","","","","","","","","","",""
"2.6","","","","","","","8514","8514","8514","0.725","0.725","0.725","17029","17029","17029","1","1","1","17029","17029","17029","0.85","0.85","0.85","","","","","","","8514","8514","8514","0.9375","0.9375","0.9375","17029","17029","17029","0.975","0.975","0.975","17029","17029","17029","0.975","0.975","0.975"
"2.62","","","","","","","","","","","","","17160","17160","17160","0.95","0.95","0.95","17160","17160","17160","0.9","0.9","0.9","","","","","","","","","","","","","17160","17160","17160","1","1","1","17160","17160","17160","1","1","1"
"2.64","","","","","","","8645","8645","8645","0.8","0.8","0.8","17291","17291","17291","0.975","0.975","0.975","17291","17291","17291","0.875","0.875","0.875","","","","","","","8645","8645","8645","0.975","0.975","0.975","17291","17291","17291","1","1","1","17291","17291","17291","1","1","1"
"2.6467065868263475","5763","5763","5763","0.4499999970197678","0.4499999970197678","0.4499999970197678","","","","","","","","","","","","","","","","","","","5763","5763","5763","0.8083333373069763","0.8083333373069763","0.8083333373069763","","","","","","","","","","","","","","","","","",""
"2.66","","","","","","","","","","","","","17422","17422","17422","0.875","0.875","0.875","17422","17422","17422","0.8","0.8","0.8","","","","","","","","","","","","","17422","17422","17422","1","1","1","17422","17422","17422","0.975","0.975","0.975"
"2.68","","","","","","","8776","8776","8776","0.65","0.65","0.65","17553","17553","17553","0.95","0.95","0.95","17553","17553","17553","0.875","0.875","0.875","","","","","","","8776","8776","8776","0.9875","0.9875","0.9875","17553","17553","17553","1","1","1","17553","17553","17553","1","1","1"
"2.7","","","","","","","","","","","","","17684","17684","17684","0.85","0.85","0.85","17684","17684","17684","0.875","0.875","0.875","","","","","","","","","","","","","17684","17684","17684","0.95","0.95","0.95","17684","17684","17684","0.95","0.95","0.95"
"2.7065868263473054","5894","5894","5894","0.4166666641831398","0.4166666641831398","0.4166666641831398","","","","","","","","","","","","","","","","","","","5894","5894","5894","0.9083333373069763","0.9083333373069763","0.9083333373069763","","","","","","","","","","","","","","","","","",""
"2.7199999999999998","","","","","","","8907","8907","8907","0.7","0.7","0.7","17815","17815","17815","0.975","0.975","0.975","17815","17815","17815","0.675","0.675","0.675","","","","","","","8907","8907","8907","0.875","0.875","0.875","17815","17815","17815","0.975","0.975","0.975","17815","17815","17815","1","1","1"
"2.74","","","","","","","","","","","","","17946","17946","17946","0.875","0.875","0.875","17946","17946","17946","0.8","0.8","0.8","","","","","","","","","","","","","17946","17946","17946","0.9","0.9","0.9","17946","17946","17946","0.9","0.9","0.9"
"2.76","","","","","","","9038","9038","9038","0.675","0.675","0.675","18077","18077","18077","0.8","0.8","0.8","18077","18077","18077","0.675","0.675","0.675","","","","","","","9038","9038","9038","0.7375","0.7375","0.7375","18077","18077","18077","0.675","0.675","0.675","18077","18077","18077","0.725","0.725","0.725"
"2.7664670658682633","6025","6025","6025","0.3916666656732559","0.3916666656732559","0.3916666656732559","","","","","","","","","","","","","","","","","","","6025","6025","6025","0.7166666656732559","0.7166666656732559","0.7166666656732559","","","","","","","","","","","","","","","","","",""
"2.7800000000000002","","","","","","","","","","","","","18208","18208","18208","0.875","0.875","0.875","18208","18208","18208","0.825","0.825","0.825","","","","","","","","","","","","","18208","18208","18208","0.9","0.9","0.9","18208","18208","18208","0.875","0.875","0.875"
"2.8","","","","","","","9169","9169","9169","0.7375","0.7375","0.7375","18339","18339","18339","0.975","0.975","0.975","18339","18339","18339","0.75","0.75","0.75","","","","","","","9169","9169","9169","0.875","0.875","0.875","18339","18339","18339","0.95","0.95","0.95","18339","18339","18339","1","1","1"
"2.82","","","","","","","","","","","","","18470","18470","18470","0.9","0.9","0.9","18470","18470","18470","0.6","0.6","0.6","","","","","","","","","","","","","18470","18470","18470","0.9","0.9","0.9","18470","18470","18470","0.9","0.9","0.9"
"2.8263473053892216","6156","6156","6156","0.45833332240581515","0.45833332240581515","0.45833332240581515","","","","","","","","","","","","","","","","","","","6156","6156","6156","0.7333333313465118","0.7333333313465118","0.7333333313465118","","","","","","","","","","","","","","","","","",""
"2.84","","","","","","","9300","9300","9300","0.8","0.8","0.8","18601","18601","18601","0.9","0.9","0.9","18601","18601","18601","0.875","0.875","0.875","","","","","","","9300","9300","9300","0.8875","0.8875","0.8875","18601","18601","18601","1","1","1","18601","18601","18601","0.975","0.975","0.975"
"2.86","","","","","","","","","","","","","18732","18732","18732","0.975","0.975","0.975","18732","18732","18732","0.85","0.85","0.85","","","","","","","","","","","","","18732","18732","18732","1","1","1","18732","18732","18732","1","1","1"
"2.88","","","","","","","9431","9431","9431","0.8125","0.8125","0.8125","18863","18863","18863","1","1","1","18863","18863","18863","0.875","0.875","0.875","","","","","","","9431","9431","9431","0.9","0.9","0.9","18863","18863","18863","1","1","1","18863","18863","18863","1","1","1"
"2.8862275449101795","6287","6287","6287","0.41666666716337203","0.41666666716337203","0.41666666716337203","","","","","","","","","","","","","","","","","","","6287","6287","6287","0.8416666746139526","0.8416666746139526","0.8416666746139526","","","","","","","","","","","","","","","","","",""
"2.9","","","","","","","","","","","","","18994","18994","18994","0.9","0.9","0.9","18994","18994","18994","0.65","0.65","0.65","","","","","","","","","","","","","18994","18994","18994","0.9","0.9","0.9","18994","18994","18994","0.825","0.825","0.825"
"2.92","","","","","","","9562","9562","9562","0.5625","0.5625","0.5625","19125","19125","19125","0.875","0.875","0.875","19125","19125","19125","0.725","0.725","0.725","","","","","","","9562","9562","9562","0.85","0.85","0.85","19125","19125","19125","0.9","0.9","0.9","19125","19125","19125","0.9","0.9","0.9"
"2.94","","","","","","","","","","","","","19256","19256","19256","0.95","0.95","0.95","19256","19256","19256","0.875","0.875","0.875","","","","","","","","","","","","","19256","19256","19256","0.95","0.95","0.95","19256","19256","19256","0.975","0.975","0.975"
"2.946107784431138","6418","6418","6418","0.35833332911133764","0.35833332911133764","0.35833332911133764","","","","","","","","","","","","","","","","","","","6418","6418","6418","0.7416666686534882","0.7416666686534882","0.7416666686534882","","","","","","","","","","","","","","","","","",""
"2.96","","","","","","","9693","9693","9693","0.625","0.625","0.625","19387","19387","19387","0.95","0.95","0.95","19387","19387","19387","0.775","0.775","0.775","","","","","","","9693","9693","9693","1","1","1","19387","19387","19387","0.975","0.975","0.975","19387","19387","19387","1","1","1"
"2.98","","","","","","","","","","","","","19518","19518","19518","0.925","0.925","0.925","19518","19518","19518","0.775","0.775","0.775","","","","","","","","","","","","","19518","19518","19518","1","1","1","19518","19518","19518","1","1","1"
"3","","","","","","","9824","9824","9824","0.625","0.625","0.625","19649","19649","19649","0.975","0.975","0.975","19649","19649","19649","0.775","0.775","0.775","","","","","","","9824","9824","9824","0.9625","0.9625","0.9625","19649","19649","19649","0.925","0.925","0.925","19649","19649","19649","0.95","0.95","0.95"
"3.0119760479041915","6549","6549","6549","0.408333332836628","0.408333332836628","0.408333332836628","","","","","","","","","","","","","","","","","","","6549","6549","6549","0.8750000059604645","0.8750000059604645","0.8750000059604645","","","","","","","","","","","","","","","","","",""
"3.02","","","","","","","","","","","","","19780","19780","19780","0.925","0.925","0.925","19780","19780","19780","0.925","0.925","0.925","","","","","","","","","","","","","19780","19780","19780","0.975","0.975","0.975","19780","19780","19780","0.95","0.95","0.95"
"3.04","","","","","","","9955","9955","9955","0.625","0.625","0.625","19911","19911","19911","0.925","0.925","0.925","19911","19911","19911","0.925","0.925","0.925","","","","","","","9955","9955","9955","0.95","0.95","0.95","19911","19911","19911","1","1","1","19911","19911","19911","1","1","1"
"3.06","","","","","","","","","","","","","20042","20042","20042","0.875","0.875","0.875","20042","20042","20042","0.675","0.675","0.675","","","","","","","","","","","","","20042","20042","20042","1","1","1","20042","20042","20042","0.9","0.9","0.9"
"3.07185628742515","6680","6680","6680","0.40833333507180214","0.40833333507180214","0.40833333507180214","","","","","","","","","","","","","","","","","","","6680","6680","6680","0.6916666708886623","0.6916666708886623","0.6916666708886623","","","","","","","","","","","","","","","","","",""
"3.08","","","","","","","10086","10086","10086","0.6625","0.6625","0.6625","20173","20173","20173","1","1","1","20173","20173","20173","0.825","0.825","0.825","","","","","","","10086","10086","10086","0.925","0.925","0.925","20173","20173","20173","1","1","1","20173","20173","20173","0.975","0.975","0.975"
"3.1","","","","","","","","","","","","","20304","20304","20304","0.7","0.7","0.7","20304","20304","20304","0.775","0.775","0.775","","","","","","","","","","","","","20304","20304","20304","0.9","0.9","0.9","20304","20304","20304","0.9","0.9","0.9"
"3.12","","","","","","","10217","10217","10217","0.6125","0.6125","0.6125","20435","20435","20435","0.9","0.9","0.9","20435","20435","20435","0.725","0.725","0.725","","","","","","","10217","10217","10217","0.8875","0.8875","0.8875","20435","20435","20435","0.9","0.9","0.9","20435","20435","20435","0.9","0.9","0.9"
"3.1317365269461077","6811","6811","6811","0.38333333283662796","0.38333333283662796","0.38333333283662796","","","","","","","","","","","","","","","","","","","6811","6811","6811","0.75","0.75","0.75","","","","","","","","","","","","","","","","","",""
"3.14","","","","","","","","","","","","","20566","20566","20566","0.975","0.975","0.975","20566","20566","20566","0.85","0.85","0.85","","","","","","","","","","","","","20566","20566","20566","0.925","0.925","0.925","20566","20566","20566","1","1","1"
"3.16","","","","","","","10348","10348","10348","0.7125","0.7125","0.7125","20697","20697","20697","0.925","0.925","0.925","20697","20697","20697","0.9","0.9","0.9","","","","","","","10348","10348","10348","0.825","0.825","0.825","20697","20697","20697","0.85","0.85","0.85","20697","20697","20697","0.9","0.9","0.9"
"3.18","","","","","","","","","","","","","20828","20828","20828","0.875","0.875","0.875","20828","20828","20828","0.825","0.825","0.825","","","","","","","","","","","","","20828","20828","20828","1","1","1","20828","20828","20828","1","1","1"
"3.191616766467066","6942","6942","6942","0.4500000052154064","0.4500000052154064","0.4500000052154064","","","","","","","","","","","","","","","","","","","6942","6942","6942","0.808333334326744","0.808333334326744","0.808333334326744","","","","","","","","","","","","","","","","","",""
"3.2","","","","","","","10479","10479","10479","0.7625","0.7625","0.7625","20959","20959","20959","0.8","0.8","0.8","20959","20959","20959","0.875","0.875","0.875","","","","","","","10479","10479","10479","0.95","0.95","0.95","20959","20959","20959","0.95","0.95","0.95","20959","20959","20959","0.975","0.975","0.975"
"3.22","","","","","","","","","","","","","21090","21090","21090","1","1","1","21090","21090","21090","0.85","0.85","0.85","","","","","","","","","","","","","21090","21090","21090","1","1","1","21090","21090","21090","1","1","1"
"3.24","","","","","","","10610","10610","10610","0.6875","0.6875","0.6875","21221","21221","21221","0.925","0.925","0.925","21221","21221","21221","0.8","0.8","0.8","","","","","","","10610","10610","10610","0.925","0.925","0.925","21221","21221","21221","0.9","0.9","0.9","21221","21221","21221","0.925","0.925","0.925"
"3.251497005988024","7073","7073","7073","0.5166666656732559","0.5166666656732559","0.5166666656732559","","","","","","","","","","","","","","","","","","","7073","7073","7073","0.8250000059604645","0.8250000059604645","0.8250000059604645","","","","","","","","","","","","","","","","","",""
"3.26","","","","","","","","","","","","","21352","21352","21352","1","1","1","21352","21352","21352","0.925","0.925","0.925","","","","","","","","","","","","","21352","21352","21352","1","1","1","21352","21352","21352","1","1","1"
"3.2800000000000002","","","","","","","10741","10741","10741","0.7","0.7","0.7","21483","21483","21483","0.85","0.85","0.85","21483","21483","21483","0.65","0.65","0.65","","","","","","","10741","10741","10741","0.925","0.925","0.925","21483","21483","21483","0.9","0.9","0.9","21483","21483","21483","0.875","0.875","0.875"
"3.3","","","","","","","","","","","","","21614","21614","21614","0.725","0.725","0.725","21614","21614","21614","0.7","0.7","0.7","","","","","","","","","","","","","21614","21614","21614","0.9","0.9","0.9","21614","21614","21614","0.85","0.85","0.85"
"3.3113772455089823","7204","7204","7204","0.4166666716337204","0.4166666716337204","0.4166666716337204","","","","","","","","","","","","","","","","","","","7204","7204","7204","0.8","0.8","0.8","","","","","","","","","","","","","","","","","",""
"3.32","","","","","","","10872","10872","10872","0.675","0.675","0.675","21745","21745","21745","0.975","0.975","0.975","21745","21745","21745","0.875","0.875","0.875","","","","","","","10872","10872","10872","0.8875","0.8875","0.8875","21745","21745","21745","1","1","1","21745","21745","21745","1","1","1"
"3.34","","","","","","","","","","","","","21876","21876","21876","0.975","0.975","0.975","21876","21876","21876","0.95","0.95","0.95","","","","","","","","","","","","","21876","21876","21876","1","1","1","21876","21876","21876","0.975","0.975","0.975"
"3.36","","","","","","","11003","11003","11003","0.7125","0.7125","0.7125","22007","22007","22007","0.85","0.85","0.85","22007","22007","22007","0.725","0.725","0.725","","","","","","","11003","11003","11003","0.95","0.95","0.95","22007","22007","22007","0.9","0.9","0.9","22007","22007","22007","0.9","0.9","0.9"
"3.37125748502994","7335","7335","7335","0.341666667163372","0.341666667163372","0.341666667163372","","","","","","","","","","","","","","","","","","","7335","7335","7335","0.808333334326744","0.808333334326744","0.808333334326744","","","","","","","","","","","","","","","","","",""
"3.38","","","","","","","","","","","","","22138","22138","22138","0.8","0.8","0.8","22138","22138","22138","0.675","0.675","0.675","","","","","","","","","","","","","22138","22138","22138","0.8","0.8","0.8","22138","22138","22138","0.8","0.8","0.8"
"3.4","","","","","","","11134","11134","11134","0.55","0.55","0.55","22269","22269","22269","1","1","1","22269","22269","22269","0.7","0.7","0.7","","","","","","","11134","11134","11134","0.9","0.9","0.9","22269","22269","22269","1","1","1","22269","22269","22269","1","1","1"
"3.42","","","","","","","","","","","","","22400","22400","22400","0.85","0.85","0.85","22400","22400","22400","0.725","0.725","0.725","","","","","","","","","","","","","22400","22400","22400","0.9","0.9","0.9","22400","22400","22400","0.85","0.85","0.85"
"3.431137724550898","7466","7466","7466","0.25000000074505807","0.25000000074505807","0.25000000074505807","","","","","","","","","","","","","","","","","","","7466","7466","7466","0.8249999970197678","0.8249999970197678","0.8249999970197678","","","","","","","","","","","","","","","","","",""
"3.44","","","","","","","11265","11265","11265","0.7","0.7","0.7","22531","22531","22531","0.95","0.95","0.95","22531","22531","22531","0.925","0.925","0.925","","","","","","","11265","11265","11265","0.925","0.925","0.925","22531","22531","22531","1","1","1","22531","22531","22531","1","1","1"
"3.46","","","","","","","","","","","","","22662","22662","22662","0.975","0.975","0.975","22662","22662","22662","0.8","0.8","0.8","","","","","","","","","","","","","22662","22662","22662","0.975","0.975","0.975","22662","22662","22662","0.975","0.975","0.975"
"3.48","","","","","","","11396","11396","11396","0.625","0.625","0.625","22793","22793","22793","0.875","0.875","0.875","22793","22793","22793","0.85","0.85","0.85","","","","","","","11396","11396","11396","0.9125","0.9125","0.9125","22793","22793","22793","0.9","0.9","0.9","22793","22793","22793","0.975","0.975","0.975"
"3.4910179640718564","7597","7597","7597","0.37500000074505807","0.37500000074505807","0.37500000074505807","","","","","","","","","","","","","","","","","","","7597","7597","7597","0.8083333432674408","0.8083333432674408","0.8083333432674408","","","","","","","","","","","","","","","","","",""
"3.5","","","","","","","","","","","","","22924","22924","22924","0.875","0.875","0.875","22924","22924","22924","0.9","0.9","0.9","","","","","","","","","","","","","22924","22924","22924","0.925","0.925","0.925","22924","22924","22924","0.975","0.975","0.975"
"3.52","","","","","","","11527","11527","11527","0.7","0.7","0.7","23055","23055","23055","0.975","0.975","0.975","23055","23055","23055","0.875","0.875","0.875","","","","","","","11527","11527","11527","0.975","0.975","0.975","23055","23055","23055","1","1","1","23055","23055","23055","1","1","1"
"3.54","","","","","","","","","","","","","23186","23186","23186","0.875","0.875","0.875","23186","23186","23186","0.875","0.875","0.875","","","","","","","","","","","","","23186","23186","23186","1","1","1","23186","23186","23186","0.975","0.975","0.975"
"3.5508982035928143","7728","7728","7728","0.47499999701976775","0.47499999701976775","0.47499999701976775","","","","","","","","","","","","","","","","","","","7728","7728","7728","0.875","0.875","0.875","","","","","","","","","","","","","","","","","",""
"3.56","","","","","","","11658","11658","11658","0.7125","0.7125","0.7125","23317","23317","23317","0.925","0.925","0.925","23317","23317","23317","0.825","0.825","0.825","","","","","","","11658","11658","11658","0.95","0.95","0.95","23317","23317","23317","1","1","1","23317","23317","23317","1","1","1"
"3.58","","","","","","","","","","","","","23448","23448","23448","0.925","0.925","0.925","23448","23448","23448","0.85","0.85","0.85","","","","","","","","","","","","","23448","23448","23448","0.95","0.95","0.95","23448","23448","23448","1","1","1"
"3.6","","","","","","","11789","11789","11789","0.8","0.8","0.8","23579","23579","23579","1","1","1","23579","23579","23579","0.925","0.925","0.925","","","","","","","11789","11789","11789","0.95","0.95","0.95","23579","23579","23579","0.95","0.95","0.95","23579","23579","23579","1","1","1"
"3.6107784431137726","7859","7859","7859","0.44166666865348814","0.44166666865348814","0.44166666865348814","","","","","","","","","","","","","","","","","","","7859","7859","7859","0.8833333313465118","0.8833333313465118","0.8833333313465118","","","","","","","","","","","","","","","","","",""
"3.62","","","","","","","","","","","","","23710","23710","23710","0.85","0.85","0.85","23710","23710","23710","0.8","0.8","0.8","","","","","","","","","","","","","23710","23710","23710","0.925","0.925","0.925","23710","23710","23710","0.875","0.875","0.875"
"3.64","","","","","","","11920","11920","11920","0.675","0.675","0.675","23841","23841","23841","0.975","0.975","0.975","23841","23841","23841","0.8","0.8","0.8","","","","","","","11920","11920","11920","0.9375","0.9375","0.9375","23841","23841","23841","0.975","0.975","0.975","23841","23841","23841","1","1","1"
"3.66","","","","","","","","","","","","","23972","23972","23972","0.925","0.925","0.925","23972","23972","23972","0.775","0.775","0.775","","","","","","","","","","","","","23972","23972","23972","0.9","0.9","0.9","23972","23972","23972","0.95","0.95","0.95"
"3.6706586826347305","7990","7990","7990","0.49166667014360427","0.49166667014360427","0.49166667014360427","","","","","","","","","","","","","","","","","","","7990","7990","7990","0.8416666746139526","0.8416666746139526","0.8416666746139526","","","","","","","","","","","","","","","","","",""
"3.68","","","","","","","12051","12051","12051","0.775","0.775","0.775","24103","24103","24103","0.85","0.85","0.85","24103","24103","24103","0.875","0.875","0.875","","","","","","","12051","12051","12051","0.8875","0.8875","0.8875","24103","24103","24103","0.9","0.9","0.9","24103","24103","24103","0.875","0.875","0.875"
"3.7","","","","","","","","","","","","","24234","24234","24234","0.85","0.85","0.85","24234","24234","24234","0.525","0.525","0.525","","","","","","","","","","","","","24234","24234","24234","0.875","0.875","0.875","24234","24234","24234","0.875","0.875","0.875"
"3.7199999999999998","","","","","","","12182","12182","12182","0.6125","0.6125","0.6125","24365","24365","24365","0.9","0.9","0.9","24365","24365","24365","0.725","0.725","0.725","","","","","","","12182","12182","12182","0.85","0.85","0.85","24365","24365","24365","0.9","0.9","0.9","24365","24365","24365","1","1","1"
"3.730538922155689","8121","8121","8121","0.3916666641831398","0.3916666641831398","0.3916666641831398","","","","","","","","","","","","","","","","","","","8121","8121","8121","0.7416666701436043","0.7416666701436043","0.7416666701436043","","","","","","","","","","","","","","","","","",""
"3.74","","","","","","","","","","","","","24496","24496","24496","0.95","0.95","0.95","24496","24496","24496","0.75","0.75","0.75","","","","","","","","","","","","","24496","24496","24496","0.975","0.975","0.975","24496","24496","24496","0.975","0.975","0.975"
"3.76","","","","","","","12313","12313","12313","0.8625","0.8625","0.8625","24627","24627","24627","0.95","0.95","0.95","24627","24627","24627","0.9","0.9","0.9","","","","","","","12313","12313","12313","0.9","0.9","0.9","24627","24627","24627","1","1","1","24627","24627","24627","0.9","0.9","0.9"
"3.7800000000000002","","","","","","","","","","","","","24758","24758","24758","0.925","0.925","0.925","24758","24758","24758","0.725","0.725","0.725","","","","","","","","","","","","","24758","24758","24758","1","1","1","24758","24758","24758","0.975","0.975","0.975"
"3.7904191616766467","8252","8252","8252","0.48333334028720853","0.48333334028720853","0.48333334028720853","","","","","","","","","","","","","","","","","","","8252","8252","8252","0.8833333373069763","0.8833333373069763","0.8833333373069763","","","","","","","","","","","","","","","","","",""
"3.8","","","","","","","12444","12444","12444","0.675","0.675","0.675","24889","24889","24889","0.875","0.875","0.875","24889","24889","24889","0.825","0.825","0.825","","","","","","","12444","12444","12444","0.925","0.925","0.925","24889","24889","24889","0.95","0.95","0.95","24889","24889","24889","0.925","0.925","0.925"
"3.82","","","","","","","","","","","","","25020","25020","25020","0.95","0.95","0.95","25020","25020","25020","0.725","0.725","0.725","","","","","","","","","","","","","25020","25020","25020","0.975","0.975","0.975","25020","25020","25020","0.975","0.975","0.975"
"3.84","","","","","","","12575","12575","12575","0.6875","0.6875","0.6875","25151","25151","25151","0.95","0.95","0.95","25151","25151","25151","0.95","0.95","0.95","","","","","","","12575","12575","12575","0.9625","0.9625","0.9625","25151","25151","25151","1","1","1","25151","25151","25151","1","1","1"
"3.8502994011976046","8383","8383","8383","0.3916666656732559","0.3916666656732559","0.3916666656732559","","","","","","","","","","","","","","","","","","","8383","8383","8383","0.8","0.8","0.8","","","","","","","","","","","","","","","","","",""
"3.86","","","","","","","","","","","","","25282","25282","25282","0.95","0.95","0.95","25282","25282","25282","0.825","0.825","0.825","","","","","","","","","","","","","25282","25282","25282","1","1","1","25282","25282","25282","1","1","1"
"3.88","","","","","","","12706","12706","12706","0.7875","0.7875","0.7875","25413","25413","25413","0.95","0.95","0.95","25413","25413","25413","0.9","0.9","0.9","","","","","","","12706","12706","12706","0.9375","0.9375","0.9375","25413","25413","25413","1","1","1","25413","25413","25413","1","1","1"
"3.9","","","","","","","","","","","","","25544","25544","25544","0.925","0.925","0.925","25544","25544","25544","0.85","0.85","0.85","","","","","","","","","","","","","25544","25544","25544","1","1","1","25544","25544","25544","1","1","1"
"3.910179640718563","8514","8514","8514","0.5999999955296517","0.5999999955296517","0.5999999955296517","","","","","","","","","","","","","","","","","","","8514","8514","8514","0.8916666746139527","0.8916666746139527","0.8916666746139527","","","","","","","","","","","","","","","","","",""
"3.92","","","","","","","12837","12837","12837","0.7375","0.7375","0.7375","25675","25675","25675","1","1","1","25675","25675","25675","0.9","0.9","0.9","","","","","","","12837","12837","12837","0.9875","0.9875","0.9875","25675","25675","25675","1","1","1","25675","25675","25675","1","1","1"
"3.94","","","","","","","","","","","","","25806","25806","25806","0.975","0.975","0.975","25806","25806","25806","0.85","0.85","0.85","","","","","","","","","","","","","25806","25806","25806","0.975","0.975","0.975","25806","25806","25806","0.975","0.975","0.975"
"3.96","","","","","","","12968","12968","12968","0.7625","0.7625","0.7625","25937","25937","25937","0.925","0.925","0.925","25937","25937","25937","0.825","0.825","0.825","","","","","","","12968","12968","12968","0.975","0.975","0.975","25937","25937","25937","1","1","1","25937","25937","25937","1","1","1"
"3.970059880239521","8645","8645","8645","0.47500000670552256","0.47500000670552256","0.47500000670552256","","","","","","","","","","","","","","","","","","","8645","8645","8645","0.8166666686534881","0.8166666686534881","0.8166666686534881","","","","","","","","","","","","","","","","","",""
"3.98","","","","","","","","","","","","","26068","26068","26068","0.975","0.975","0.975","26068","26068","26068","0.8","0.8","0.8","","","","","","","","","","","","","26068","26068","26068","1","1","1","26068","26068","26068","0.975","0.975","0.975"
"3.9940119760479043","8698","8698","8698","0.3541666641831398","0.3541666641831398","0.3541666641831398","","","","","","","","","","","","","","","","","","","8698","8698","8698","0.666666679084301","0.666666679084301","0.666666679084301","","","","","","","","","","","","","","","","","",""
"4","","","","","","","13099","13099","13099","0.65","0.65","0.65","26199","26199","26199","0.85","0.85","0.85","26199","26199","26199","0.625","0.625","0.625","","","","","","","13099","13099","13099","0.8375","0.8375","0.8375","26199","26199","26199","0.825","0.825","0.825","26199","26199","26199","0.875","0.875","0.875"