"train/epoch","Qwen/Qwen3-32B-low-format - _step","Qwen/Qwen3-32B-low-format - _step__MIN","Qwen/Qwen3-32B-low-format - _step__MAX","Qwen/Qwen3-32B-low-format - train/rewards/reward_no_rule_crossing/mean","Qwen/Qwen3-32B-low-format - train/rewards/reward_no_rule_crossing/mean__MIN","Qwen/Qwen3-32B-low-format - train/rewards/reward_no_rule_crossing/mean__MAX","Qwen/Qwen3-14B-low-format - _step","Qwen/Qwen3-14B-low-format - _step__MIN","Qwen/Qwen3-14B-low-format - _step__MAX","Qwen/Qwen3-14B-low-format - train/rewards/reward_no_rule_crossing/mean","Qwen/Qwen3-14B-low-format - train/rewards/reward_no_rule_crossing/mean__MIN","Qwen/Qwen3-14B-low-format - train/rewards/reward_no_rule_crossing/mean__MAX","Qwen/Qwen3-0.6B-low-format - _step","Qwen/Qwen3-0.6B-low-format - _step__MIN","Qwen/Qwen3-0.6B-low-format - _step__MAX","Qwen/Qwen3-0.6B-low-format - train/rewards/reward_no_rule_crossing/mean","Qwen/Qwen3-0.6B-low-format - train/rewards/reward_no_rule_crossing/mean__MIN","Qwen/Qwen3-0.6B-low-format - train/rewards/reward_no_rule_crossing/mean__MAX","Qwen/Qwen3-4B-low-format - _step","Qwen/Qwen3-4B-low-format - _step__MIN","Qwen/Qwen3-4B-low-format - _step__MAX","Qwen/Qwen3-4B-low-format - train/rewards/reward_no_rule_crossing/mean","Qwen/Qwen3-4B-low-format - train/rewards/reward_no_rule_crossing/mean__MIN","Qwen/Qwen3-4B-low-format - train/rewards/reward_no_rule_crossing/mean__MAX","Qwen/Qwen3-32B - _step","Qwen/Qwen3-32B - _step__MIN","Qwen/Qwen3-32B - _step__MAX","Qwen/Qwen3-32B - train/rewards/reward_no_rule_crossing/mean","Qwen/Qwen3-32B - train/rewards/reward_no_rule_crossing/mean__MIN","Qwen/Qwen3-32B - train/rewards/reward_no_rule_crossing/mean__MAX","Qwen/Qwen3-14B - _step","Qwen/Qwen3-14B - _step__MIN","Qwen/Qwen3-14B - _step__MAX","Qwen/Qwen3-14B - train/rewards/reward_no_rule_crossing/mean","Qwen/Qwen3-14B - train/rewards/reward_no_rule_crossing/mean__MIN","Qwen/Qwen3-14B - train/rewards/reward_no_rule_crossing/mean__MAX","Qwen/Qwen3-4B - _step","Qwen/Qwen3-4B - _step__MIN","Qwen/Qwen3-4B - _step__MAX","Qwen/Qwen3-4B - train/rewards/reward_no_rule_crossing/mean","Qwen/Qwen3-4B - train/rewards/reward_no_rule_crossing/mean__MIN","Qwen/Qwen3-4B - train/rewards/reward_no_rule_crossing/mean__MAX","Qwen/Qwen3-0.6B - _step","Qwen/Qwen3-0.6B - _step__MIN","Qwen/Qwen3-0.6B - _step__MAX","Qwen/Qwen3-0.6B - train/rewards/reward_no_rule_crossing/mean","Qwen/Qwen3-0.6B - train/rewards/reward_no_rule_crossing/mean__MIN","Qwen/Qwen3-0.6B - train/rewards/reward_no_rule_crossing/mean__MAX"
"0.02","","","","","","","","","","","","","130","130","130","0.85","0.85","0.85","130","130","130","0.875","0.875","0.875","","","","","","","","","","","","","130","130","130","0.825","0.825","0.825","130","130","130","0.775","0.775","0.775"
"0.04","","","","","","","130","130","130","0.8375","0.8375","0.8375","261","261","261","0.775","0.775","0.775","261","261","261","0.85","0.85","0.85","","","","","","","130","130","130","0.825","0.825","0.825","261","261","261","0.95","0.95","0.95","261","261","261","0.9","0.9","0.9"
"0.059880239520958084","130","130","130","0.9","0.9","0.9","","","","","","","","","","","","","","","","","","","130","130","130","0.925","0.925","0.925","","","","","","","","","","","","","","","","","",""
"0.06","","","","","","","","","","","","","392","392","392","0.75","0.75","0.75","392","392","392","0.85","0.85","0.85","","","","","","","","","","","","","392","392","392","0.875","0.875","0.875","392","392","392","0.775","0.775","0.775"
"0.08","","","","","","","261","261","261","0.7875","0.7875","0.7875","523","523","523","0.825","0.825","0.825","523","523","523","0.9","0.9","0.9","","","","","","","261","261","261","0.8","0.8","0.8","523","523","523","0.975","0.975","0.975","523","523","523","0.875","0.875","0.875"
"0.1","","","","","","","","","","","","","654","654","654","0.8","0.8","0.8","654","654","654","0.8","0.8","0.8","","","","","","","","","","","","","654","654","654","0.825","0.825","0.825","654","654","654","0.85","0.85","0.85"
"0.11976047904191617","261","261","261","0.9250000059604645","0.9250000059604645","0.9250000059604645","","","","","","","","","","","","","","","","","","","261","261","261","0.8833333432674408","0.8833333432674408","0.8833333432674408","","","","","","","","","","","","","","","","","",""
"0.12","","","","","","","392","392","392","0.7","0.7","0.7","785","785","785","0.95","0.95","0.95","785","785","785","0.95","0.95","0.95","","","","","","","392","392","392","0.7875","0.7875","0.7875","785","785","785","0.95","0.95","0.95","785","785","785","0.925","0.925","0.925"
"0.14","","","","","","","","","","","","","916","916","916","0.875","0.875","0.875","916","916","916","0.75","0.75","0.75","","","","","","","","","","","","","916","916","916","0.625","0.625","0.625","916","916","916","0.95","0.95","0.95"
"0.16","","","","","","","523","523","523","0.7625","0.7625","0.7625","1047","1047","1047","0.775","0.775","0.775","1047","1047","1047","0.85","0.85","0.85","","","","","","","523","523","523","0.7125","0.7125","0.7125","1047","1047","1047","0.9","0.9","0.9","1047","1047","1047","0.825","0.825","0.825"
"0.17964071856287425","392","392","392","0.85","0.85","0.85","","","","","","","","","","","","","","","","","","","392","392","392","0.8583333373069764","0.8583333373069764","0.8583333373069764","","","","","","","","","","","","","","","","","",""
"0.18","","","","","","","","","","","","","1178","1178","1178","0.65","0.65","0.65","1178","1178","1178","0.825","0.825","0.825","","","","","","","","","","","","","1178","1178","1178","0.85","0.85","0.85","1178","1178","1178","0.9","0.9","0.9"
"0.2","","","","","","","654","654","654","0.825","0.825","0.825","1309","1309","1309","0.9","0.9","0.9","1309","1309","1309","0.9","0.9","0.9","","","","","","","654","654","654","0.7625","0.7625","0.7625","1309","1309","1309","0.975","0.975","0.975","1309","1309","1309","0.95","0.95","0.95"
"0.22","","","","","","","","","","","","","1440","1440","1440","0.95","0.95","0.95","1440","1440","1440","0.8","0.8","0.8","","","","","","","","","","","","","1440","1440","1440","0.875","0.875","0.875","1440","1440","1440","0.95","0.95","0.95"
"0.23952095808383234","523","523","523","0.9000000119209289","0.9000000119209289","0.9000000119209289","","","","","","","","","","","","","","","","","","","523","523","523","0.925000011920929","0.925000011920929","0.925000011920929","","","","","","","","","","","","","","","","","",""
"0.24","","","","","","","785","785","785","0.775","0.775","0.775","1571","1571","1571","0.85","0.85","0.85","1571","1571","1571","0.9","0.9","0.9","","","","","","","785","785","785","0.7625","0.7625","0.7625","1571","1571","1571","0.825","0.825","0.825","1571","1571","1571","0.925","0.925","0.925"
"0.26","","","","","","","","","","","","","1702","1702","1702","0.775","0.775","0.775","1702","1702","1702","0.85","0.85","0.85","","","","","","","","","","","","","1702","1702","1702","0.775","0.775","0.775","1702","1702","1702","0.925","0.925","0.925"
"0.28","","","","","","","916","916","916","0.775","0.775","0.775","1833","1833","1833","0.775","0.775","0.775","1833","1833","1833","0.725","0.725","0.725","","","","","","","916","916","916","0.675","0.675","0.675","1833","1833","1833","0.9","0.9","0.9","1833","1833","1833","0.95","0.95","0.95"
"0.2994011976047904","654","654","654","0.8583333373069764","0.8583333373069764","0.8583333373069764","","","","","","","","","","","","","","","","","","","654","654","654","0.9250000059604645","0.9250000059604645","0.9250000059604645","","","","","","","","","","","","","","","","","",""
"0.3","","","","","","","","","","","","","1964","1964","1964","0.65","0.65","0.65","1964","1964","1964","0.875","0.875","0.875","","","","","","","","","","","","","1964","1964","1964","0.95","0.95","0.95","1964","1964","1964","0.95","0.95","0.95"
"0.32","","","","","","","1047","1047","1047","0.825","0.825","0.825","2095","2095","2095","0.625","0.625","0.625","2095","2095","2095","0.8","0.8","0.8","","","","","","","1047","1047","1047","0.7125","0.7125","0.7125","2095","2095","2095","0.8","0.8","0.8","2095","2095","2095","0.95","0.95","0.95"
"0.34","","","","","","","","","","","","","2226","2226","2226","0.9","0.9","0.9","2226","2226","2226","0.775","0.775","0.775","","","","","","","","","","","","","2226","2226","2226","0.825","0.825","0.825","2226","2226","2226","1","1","1"
"0.3592814371257485","785","785","785","0.85","0.85","0.85","","","","","","","","","","","","","","","","","","","785","785","785","0.8666666686534882","0.8666666686534882","0.8666666686534882","","","","","","","","","","","","","","","","","",""
"0.36","","","","","","","1178","1178","1178","0.8","0.8","0.8","2357","2357","2357","0.775","0.775","0.775","2357","2357","2357","0.75","0.75","0.75","","","","","","","1178","1178","1178","0.6875","0.6875","0.6875","2357","2357","2357","0.75","0.75","0.75","2357","2357","2357","0.975","0.975","0.975"
"0.38","","","","","","","","","","","","","2488","2488","2488","0.85","0.85","0.85","2488","2488","2488","0.8","0.8","0.8","","","","","","","","","","","","","2488","2488","2488","0.95","0.95","0.95","2488","2488","2488","0.95","0.95","0.95"
"0.4","","","","","","","1309","1309","1309","0.85","0.85","0.85","2619","2619","2619","0.85","0.85","0.85","2619","2619","2619","0.65","0.65","0.65","","","","","","","1309","1309","1309","0.7625","0.7625","0.7625","2619","2619","2619","0.725","0.725","0.725","2619","2619","2619","0.95","0.95","0.95"
"0.41916167664670656","916","916","916","0.7583333432674408","0.7583333432674408","0.7583333432674408","","","","","","","","","","","","","","","","","","","916","916","916","0.825","0.825","0.825","","","","","","","","","","","","","","","","","",""
"0.42","","","","","","","","","","","","","2750","2750","2750","0.9","0.9","0.9","2750","2750","2750","0.475","0.475","0.475","","","","","","","","","","","","","2750","2750","2750","0.875","0.875","0.875","2750","2750","2750","1","1","1"
"0.44","","","","","","","1440","1440","1440","0.775","0.775","0.775","2881","2881","2881","0.85","0.85","0.85","2881","2881","2881","0.625","0.625","0.625","","","","","","","1440","1440","1440","0.725","0.725","0.725","2881","2881","2881","0.95","0.95","0.95","2881","2881","2881","0.975","0.975","0.975"
"0.46","","","","","","","","","","","","","3012","3012","3012","0.85","0.85","0.85","3012","3012","3012","0.5","0.5","0.5","","","","","","","","","","","","","3012","3012","3012","0.85","0.85","0.85","3012","3012","3012","0.975","0.975","0.975"
"0.47904191616766467","1047","1047","1047","0.8833333432674408","0.8833333432674408","0.8833333432674408","","","","","","","","","","","","","","","","","","","1047","1047","1047","0.9083333313465118","0.9083333313465118","0.9083333313465118","","","","","","","","","","","","","","","","","",""
"0.48","","","","","","","1571","1571","1571","0.825","0.825","0.825","3143","3143","3143","0.9","0.9","0.9","3143","3143","3143","0.55","0.55","0.55","","","","","","","1571","1571","1571","0.8125","0.8125","0.8125","3143","3143","3143","0.875","0.875","0.875","3143","3143","3143","0.925","0.925","0.925"
"0.5","","","","","","","","","","","","","3274","3274","3274","0.825","0.825","0.825","3274","3274","3274","0.3","0.3","0.3","","","","","","","","","","","","","3274","3274","3274","0.6","0.6","0.6","3274","3274","3274","0.925","0.925","0.925"
"0.52","","","","","","","1702","1702","1702","0.6125","0.6125","0.6125","3405","3405","3405","0.725","0.725","0.725","3405","3405","3405","0.4","0.4","0.4","","","","","","","1702","1702","1702","0.625","0.625","0.625","3405","3405","3405","0.8","0.8","0.8","3405","3405","3405","1","1","1"
"0.5389221556886228","1178","1178","1178","0.775","0.775","0.775","","","","","","","","","","","","","","","","","","","1178","1178","1178","0.8000000059604645","0.8000000059604645","0.8000000059604645","","","","","","","","","","","","","","","","","",""
"0.54","","","","","","","","","","","","","3536","3536","3536","0.85","0.85","0.85","3536","3536","3536","0.45","0.45","0.45","","","","","","","","","","","","","3536","3536","3536","0.875","0.875","0.875","3536","3536","3536","0.925","0.925","0.925"
"0.56","","","","","","","1833","1833","1833","0.8125","0.8125","0.8125","3667","3667","3667","0.95","0.95","0.95","3667","3667","3667","0.65","0.65","0.65","","","","","","","1833","1833","1833","0.7125","0.7125","0.7125","3667","3667","3667","0.775","0.775","0.775","3667","3667","3667","0.975","0.975","0.975"
"0.58","","","","","","","","","","","","","3798","3798","3798","0.85","0.85","0.85","3798","3798","3798","0.675","0.675","0.675","","","","","","","","","","","","","3798","3798","3798","0.725","0.725","0.725","3798","3798","3798","0.975","0.975","0.975"
"0.5988023952095808","1309","1309","1309","0.7916666656732559","0.7916666656732559","0.7916666656732559","","","","","","","","","","","","","","","","","","","1309","1309","1309","0.85","0.85","0.85","","","","","","","","","","","","","","","","","",""
"0.6","","","","","","","1964","1964","1964","0.8","0.8","0.8","3929","3929","3929","0.9","0.9","0.9","3929","3929","3929","0.7","0.7","0.7","","","","","","","1964","1964","1964","0.725","0.725","0.725","3929","3929","3929","0.75","0.75","0.75","3929","3929","3929","0.925","0.925","0.925"
"0.62","","","","","","","","","","","","","4060","4060","4060","0.95","0.95","0.95","4060","4060","4060","0.65","0.65","0.65","","","","","","","","","","","","","4060","4060","4060","0.8","0.8","0.8","4060","4060","4060","0.975","0.975","0.975"
"0.64","","","","","","","2095","2095","2095","0.8625","0.8625","0.8625","4191","4191","4191","0.925","0.925","0.925","4191","4191","4191","0.625","0.625","0.625","","","","","","","2095","2095","2095","0.6875","0.6875","0.6875","4191","4191","4191","0.8","0.8","0.8","4191","4191","4191","0.975","0.975","0.975"
"0.6586826347305389","1440","1440","1440","0.9","0.9","0.9","","","","","","","","","","","","","","","","","","","1440","1440","1440","0.8666666686534882","0.8666666686534882","0.8666666686534882","","","","","","","","","","","","","","","","","",""
"0.66","","","","","","","","","","","","","4322","4322","4322","0.875","0.875","0.875","4322","4322","4322","0.575","0.575","0.575","","","","","","","","","","","","","4322","4322","4322","0.8","0.8","0.8","4322","4322","4322","0.925","0.925","0.925"
"0.68","","","","","","","2226","2226","2226","0.8375","0.8375","0.8375","4453","4453","4453","0.9","0.9","0.9","4453","4453","4453","0.4","0.4","0.4","","","","","","","2226","2226","2226","0.6625","0.6625","0.6625","4453","4453","4453","0.9","0.9","0.9","4453","4453","4453","0.95","0.95","0.95"
"0.7","","","","","","","","","","","","","4584","4584","4584","0.85","0.85","0.85","4584","4584","4584","0.55","0.55","0.55","","","","","","","","","","","","","4584","4584","4584","0.875","0.875","0.875","4584","4584","4584","0.85","0.85","0.85"
"0.718562874251497","1571","1571","1571","0.8333333313465119","0.8333333313465119","0.8333333313465119","","","","","","","","","","","","","","","","","","","1571","1571","1571","0.8333333343267441","0.8333333343267441","0.8333333343267441","","","","","","","","","","","","","","","","","",""
"0.72","","","","","","","2357","2357","2357","0.85","0.85","0.85","4715","4715","4715","0.875","0.875","0.875","4715","4715","4715","0.5","0.5","0.5","","","","","","","2357","2357","2357","0.7","0.7","0.7","4715","4715","4715","0.875","0.875","0.875","4715","4715","4715","0.85","0.85","0.85"
"0.74","","","","","","","","","","","","","4846","4846","4846","0.725","0.725","0.725","4846","4846","4846","0.675","0.675","0.675","","","","","","","","","","","","","4846","4846","4846","0.9","0.9","0.9","4846","4846","4846","0.875","0.875","0.875"
"0.76","","","","","","","2488","2488","2488","0.825","0.825","0.825","4977","4977","4977","0.875","0.875","0.875","4977","4977","4977","0.725","0.725","0.725","","","","","","","2488","2488","2488","0.85","0.85","0.85","4977","4977","4977","0.9","0.9","0.9","4977","4977","4977","0.95","0.95","0.95"
"0.7784431137724551","1702","1702","1702","0.8666666746139526","0.8666666746139526","0.8666666746139526","","","","","","","","","","","","","","","","","","","1702","1702","1702","0.7833333313465118","0.7833333313465118","0.7833333313465118","","","","","","","","","","","","","","","","","",""
"0.78","","","","","","","","","","","","","5108","5108","5108","0.8","0.8","0.8","5108","5108","5108","0.85","0.85","0.85","","","","","","","","","","","","","5108","5108","5108","0.9","0.9","0.9","5108","5108","5108","0.85","0.85","0.85"
"0.8","","","","","","","2619","2619","2619","0.9125","0.9125","0.9125","5239","5239","5239","0.9","0.9","0.9","5239","5239","5239","0.825","0.825","0.825","","","","","","","2619","2619","2619","0.8125","0.8125","0.8125","5239","5239","5239","0.975","0.975","0.975","5239","5239","5239","0.8","0.8","0.8"
"0.82","","","","","","","","","","","","","5370","5370","5370","0.825","0.825","0.825","5370","5370","5370","0.75","0.75","0.75","","","","","","","","","","","","","5370","5370","5370","0.875","0.875","0.875","5370","5370","5370","0.8","0.8","0.8"
"0.8383233532934131","1833","1833","1833","0.8750000119209289","0.8750000119209289","0.8750000119209289","","","","","","","","","","","","","","","","","","","1833","1833","1833","0.7916666597127915","0.7916666597127915","0.7916666597127915","","","","","","","","","","","","","","","","","",""
"0.84","","","","","","","2750","2750","2750","0.875","0.875","0.875","5501","5501","5501","0.875","0.875","0.875","5501","5501","5501","0.8","0.8","0.8","","","","","","","2750","2750","2750","0.775","0.775","0.775","5501","5501","5501","0.975","0.975","0.975","5501","5501","5501","0.975","0.975","0.975"
"0.86","","","","","","","","","","","","","5632","5632","5632","0.8","0.8","0.8","5632","5632","5632","0.775","0.775","0.775","","","","","","","","","","","","","5632","5632","5632","0.95","0.95","0.95","5632","5632","5632","0.85","0.85","0.85"
"0.88","","","","","","","2881","2881","2881","0.9","0.9","0.9","5763","5763","5763","0.85","0.85","0.85","5763","5763","5763","0.85","0.85","0.85","","","","","","","2881","2881","2881","0.825","0.825","0.825","5763","5763","5763","0.975","0.975","0.975","5763","5763","5763","1","1","1"
"0.8982035928143712","1964","1964","1964","0.8666666746139526","0.8666666746139526","0.8666666746139526","","","","","","","","","","","","","","","","","","","1964","1964","1964","0.7083333313465119","0.7083333313465119","0.7083333313465119","","","","","","","","","","","","","","","","","",""
"0.9","","","","","","","","","","","","","5894","5894","5894","0.8","0.8","0.8","5894","5894","5894","0.925","0.925","0.925","","","","","","","","","","","","","5894","5894","5894","0.875","0.875","0.875","5894","5894","5894","0.925","0.925","0.925"
"0.92","","","","","","","3012","3012","3012","0.925","0.925","0.925","6025","6025","6025","0.975","0.975","0.975","6025","6025","6025","0.775","0.775","0.775","","","","","","","3012","3012","3012","0.875","0.875","0.875","6025","6025","6025","0.925","0.925","0.925","6025","6025","6025","0.925","0.925","0.925"
"0.94","","","","","","","","","","","","","6156","6156","6156","0.9","0.9","0.9","6156","6156","6156","0.75","0.75","0.75","","","","","","","","","","","","","6156","6156","6156","0.95","0.95","0.95","6156","6156","6156","1","1","1"
"0.9580838323353293","2095","2095","2095","0.8083333313465119","0.8083333313465119","0.8083333313465119","","","","","","","","","","","","","","","","","","","2095","2095","2095","0.6083333283662796","0.6083333283662796","0.6083333283662796","","","","","","","","","","","","","","","","","",""
"0.96","","","","","","","3143","3143","3143","0.825","0.825","0.825","6287","6287","6287","0.875","0.875","0.875","6287","6287","6287","0.8","0.8","0.8","","","","","","","3143","3143","3143","0.8125","0.8125","0.8125","6287","6287","6287","0.875","0.875","0.875","6287","6287","6287","0.925","0.925","0.925"
"0.98","","","","","","","","","","","","","6418","6418","6418","0.8","0.8","0.8","6418","6418","6418","0.95","0.95","0.95","","","","","","","","","","","","","6418","6418","6418","1","1","1","6418","6418","6418","0.95","0.95","0.95"
"1","","","","","","","3274","3274","3274","0.8375","0.8375","0.8375","6549","6549","6549","0.875","0.875","0.875","6549","6549","6549","0.725","0.725","0.725","","","","","","","3274","3274","3274","0.9","0.9","0.9","6549","6549","6549","0.825","0.825","0.825","6549","6549","6549","0.825","0.825","0.825"
"1.02","","","","","","","","","","","","","6680","6680","6680","0.875","0.875","0.875","6680","6680","6680","0.8","0.8","0.8","","","","","","","","","","","","","6680","6680","6680","0.9","0.9","0.9","6680","6680","6680","0.85","0.85","0.85"
"1.0239520958083832","2226","2226","2226","0.8583333432674408","0.8583333432674408","0.8583333432674408","","","","","","","","","","","","","","","","","","","2226","2226","2226","0.5666666597127914","0.5666666597127914","0.5666666597127914","","","","","","","","","","","","","","","","","",""
"1.04","","","","","","","3405","3405","3405","0.8625","0.8625","0.8625","6811","6811","6811","0.875","0.875","0.875","6811","6811","6811","0.9","0.9","0.9","","","","","","","3405","3405","3405","0.9","0.9","0.9","6811","6811","6811","1","1","1","6811","6811","6811","0.975","0.975","0.975"
"1.06","","","","","","","","","","","","","6942","6942","6942","0.925","0.925","0.925","6942","6942","6942","0.85","0.85","0.85","","","","","","","","","","","","","6942","6942","6942","0.925","0.925","0.925","6942","6942","6942","0.875","0.875","0.875"
"1.08","","","","","","","3536","3536","3536","0.9","0.9","0.9","7073","7073","7073","0.925","0.925","0.925","7073","7073","7073","0.825","0.825","0.825","","","","","","","3536","3536","3536","0.875","0.875","0.875","7073","7073","7073","1","1","1","7073","7073","7073","0.95","0.95","0.95"
"1.0838323353293413","2357","2357","2357","0.8","0.8","0.8","","","","","","","","","","","","","","","","","","","2357","2357","2357","0.725000011920929","0.725000011920929","0.725000011920929","","","","","","","","","","","","","","","","","",""
"1.1","","","","","","","","","","","","","7204","7204","7204","0.9","0.9","0.9","7204","7204","7204","0.775","0.775","0.775","","","","","","","","","","","","","7204","7204","7204","0.85","0.85","0.85","7204","7204","7204","0.675","0.675","0.675"
"1.12","","","","","","","3667","3667","3667","0.85","0.85","0.85","7335","7335","7335","0.85","0.85","0.85","7335","7335","7335","0.775","0.775","0.775","","","","","","","3667","3667","3667","0.85","0.85","0.85","7335","7335","7335","0.875","0.875","0.875","7335","7335","7335","0.775","0.775","0.775"
"1.1400000000000001","","","","","","","","","","","","","7466","7466","7466","0.75","0.75","0.75","7466","7466","7466","0.725","0.725","0.725","","","","","","","","","","","","","7466","7466","7466","0.95","0.95","0.95","7466","7466","7466","0.825","0.825","0.825"
"1.1437125748502994","2488","2488","2488","0.775","0.775","0.775","","","","","","","","","","","","","","","","","","","2488","2488","2488","0.6916666626930237","0.6916666626930237","0.6916666626930237","","","","","","","","","","","","","","","","","",""
"1.16","","","","","","","3798","3798","3798","0.9","0.9","0.9","7597","7597","7597","0.875","0.875","0.875","7597","7597","7597","0.75","0.75","0.75","","","","","","","3798","3798","3798","0.8","0.8","0.8","7597","7597","7597","0.8","0.8","0.8","7597","7597","7597","0.7","0.7","0.7"
"1.18","","","","","","","","","","","","","7728","7728","7728","0.9","0.9","0.9","7728","7728","7728","0.9","0.9","0.9","","","","","","","","","","","","","7728","7728","7728","0.975","0.975","0.975","7728","7728","7728","0.8","0.8","0.8"
"1.2","","","","","","","3929","3929","3929","0.9125","0.9125","0.9125","7859","7859","7859","0.975","0.975","0.975","7859","7859","7859","0.825","0.825","0.825","","","","","","","3929","3929","3929","0.9125","0.9125","0.9125","7859","7859","7859","0.95","0.95","0.95","7859","7859","7859","0.725","0.725","0.725"
"1.2035928143712575","2619","2619","2619","0.8249999940395355","0.8249999940395355","0.8249999940395355","","","","","","","","","","","","","","","","","","","2619","2619","2619","0.7666666626930236","0.7666666626930236","0.7666666626930236","","","","","","","","","","","","","","","","","",""
"1.22","","","","","","","","","","","","","7990","7990","7990","0.775","0.775","0.775","7990","7990","7990","0.95","0.95","0.95","","","","","","","","","","","","","7990","7990","7990","1","1","1","7990","7990","7990","0.825","0.825","0.825"
"1.24","","","","","","","4060","4060","4060","0.9125","0.9125","0.9125","8121","8121","8121","0.9","0.9","0.9","8121","8121","8121","0.95","0.95","0.95","","","","","","","4060","4060","4060","0.8625","0.8625","0.8625","8121","8121","8121","0.9","0.9","0.9","8121","8121","8121","0.75","0.75","0.75"
"1.26","","","","","","","","","","","","","8252","8252","8252","0.875","0.875","0.875","8252","8252","8252","0.775","0.775","0.775","","","","","","","","","","","","","8252","8252","8252","1","1","1","8252","8252","8252","0.85","0.85","0.85"
"1.2634730538922156","2750","2750","2750","0.775","0.775","0.775","","","","","","","","","","","","","","","","","","","2750","2750","2750","0.7583333313465118","0.7583333313465118","0.7583333313465118","","","","","","","","","","","","","","","","","",""
"1.28","","","","","","","4191","4191","4191","0.825","0.825","0.825","8383","8383","8383","0.85","0.85","0.85","8383","8383","8383","0.925","0.925","0.925","","","","","","","4191","4191","4191","0.825","0.825","0.825","8383","8383","8383","1","1","1","8383","8383","8383","0.925","0.925","0.925"
"1.3","","","","","","","","","","","","","8514","8514","8514","0.925","0.925","0.925","8514","8514","8514","0.9","0.9","0.9","","","","","","","","","","","","","8514","8514","8514","0.925","0.925","0.925","8514","8514","8514","0.9","0.9","0.9"
"1.32","","","","","","","4322","4322","4322","0.7625","0.7625","0.7625","8645","8645","8645","0.775","0.775","0.775","8645","8645","8645","0.9","0.9","0.9","","","","","","","4322","4322","4322","0.8625","0.8625","0.8625","8645","8645","8645","1","1","1","8645","8645","8645","0.675","0.675","0.675"
"1.3233532934131738","2881","2881","2881","0.725","0.725","0.725","","","","","","","","","","","","","","","","","","","2881","2881","2881","0.8083333432674408","0.8083333432674408","0.8083333432674408","","","","","","","","","","","","","","","","","",""
"1.34","","","","","","","","","","","","","8776","8776","8776","0.725","0.725","0.725","8776","8776","8776","0.975","0.975","0.975","","","","","","","","","","","","","8776","8776","8776","1","1","1","8776","8776","8776","0.8","0.8","0.8"
"1.3599999999999999","","","","","","","4453","4453","4453","0.9125","0.9125","0.9125","8907","8907","8907","0.75","0.75","0.75","8907","8907","8907","0.975","0.975","0.975","","","","","","","4453","4453","4453","0.9875","0.9875","0.9875","8907","8907","8907","0.925","0.925","0.925","8907","8907","8907","0.85","0.85","0.85"
"1.38","","","","","","","","","","","","","9038","9038","9038","0.8","0.8","0.8","9038","9038","9038","0.875","0.875","0.875","","","","","","","","","","","","","9038","9038","9038","0.95","0.95","0.95","9038","9038","9038","0.825","0.825","0.825"
"1.3832335329341316","3012","3012","3012","0.8416666656732559","0.8416666656732559","0.8416666656732559","","","","","","","","","","","","","","","","","","","3012","3012","3012","0.7666666597127915","0.7666666597127915","0.7666666597127915","","","","","","","","","","","","","","","","","",""
"1.4","","","","","","","4584","4584","4584","0.825","0.825","0.825","9169","9169","9169","0.7","0.7","0.7","9169","9169","9169","0.775","0.775","0.775","","","","","","","4584","4584","4584","0.8125","0.8125","0.8125","9169","9169","9169","0.85","0.85","0.85","9169","9169","9169","0.575","0.575","0.575"
"1.42","","","","","","","","","","","","","9300","9300","9300","0.675","0.675","0.675","9300","9300","9300","0.925","0.925","0.925","","","","","","","","","","","","","9300","9300","9300","0.9","0.9","0.9","9300","9300","9300","0.825","0.825","0.825"
"1.44","","","","","","","4715","4715","4715","0.875","0.875","0.875","9431","9431","9431","0.775","0.775","0.775","9431","9431","9431","0.925","0.925","0.925","","","","","","","4715","4715","4715","0.8375","0.8375","0.8375","9431","9431","9431","0.875","0.875","0.875","9431","9431","9431","0.825","0.825","0.825"
"1.4431137724550898","3143","3143","3143","0.8416666686534882","0.8416666686534882","0.8416666686534882","","","","","","","","","","","","","","","","","","","3143","3143","3143","0.7666666626930236","0.7666666626930236","0.7666666626930236","","","","","","","","","","","","","","","","","",""
"1.46","","","","","","","","","","","","","9562","9562","9562","0.8","0.8","0.8","9562","9562","9562","0.925","0.925","0.925","","","","","","","","","","","","","9562","9562","9562","0.975","0.975","0.975","9562","9562","9562","0.775","0.775","0.775"
"1.48","","","","","","","4846","4846","4846","0.925","0.925","0.925","9693","9693","9693","0.775","0.775","0.775","9693","9693","9693","0.925","0.925","0.925","","","","","","","4846","4846","4846","0.9125","0.9125","0.9125","9693","9693","9693","0.9","0.9","0.9","9693","9693","9693","0.775","0.775","0.775"
"1.5","","","","","","","","","","","","","9824","9824","9824","0.85","0.85","0.85","9824","9824","9824","1","1","1","","","","","","","","","","","","","9824","9824","9824","0.975","0.975","0.975","9824","9824","9824","0.775","0.775","0.775"
"1.5029940119760479","3274","3274","3274","0.8750000059604645","0.8750000059604645","0.8750000059604645","","","","","","","","","","","","","","","","","","","3274","3274","3274","0.8","0.8","0.8","","","","","","","","","","","","","","","","","",""
"1.52","","","","","","","4977","4977","4977","0.9","0.9","0.9","9955","9955","9955","0.75","0.75","0.75","9955","9955","9955","0.95","0.95","0.95","","","","","","","4977","4977","4977","0.9","0.9","0.9","9955","9955","9955","1","1","1","9955","9955","9955","0.8","0.8","0.8"
"1.54","","","","","","","","","","","","","10086","10086","10086","0.575","0.575","0.575","10086","10086","10086","0.9","0.9","0.9","","","","","","","","","","","","","10086","10086","10086","0.925","0.925","0.925","10086","10086","10086","0.575","0.575","0.575"
"1.56","","","","","","","5108","5108","5108","0.725","0.725","0.725","10217","10217","10217","0.7","0.7","0.7","10217","10217","10217","0.925","0.925","0.925","","","","","","","5108","5108","5108","0.7625","0.7625","0.7625","10217","10217","10217","0.75","0.75","0.75","10217","10217","10217","0.6","0.6","0.6"
"1.562874251497006","3405","3405","3405","0.800000011920929","0.800000011920929","0.800000011920929","","","","","","","","","","","","","","","","","","","3405","3405","3405","0.7333333283662796","0.7333333283662796","0.7333333283662796","","","","","","","","","","","","","","","","","",""
"1.58","","","","","","","","","","","","","10348","10348","10348","0.65","0.65","0.65","10348","10348","10348","0.95","0.95","0.95","","","","","","","","","","","","","10348","10348","10348","1","1","1","10348","10348","10348","0.7","0.7","0.7"
"1.6","","","","","","","5239","5239","5239","0.9125","0.9125","0.9125","10479","10479","10479","0.825","0.825","0.825","10479","10479","10479","0.925","0.925","0.925","","","","","","","5239","5239","5239","0.875","0.875","0.875","10479","10479","10479","0.95","0.95","0.95","10479","10479","10479","0.75","0.75","0.75"
"1.62","","","","","","","","","","","","","10610","10610","10610","0.65","0.65","0.65","10610","10610","10610","0.875","0.875","0.875","","","","","","","","","","","","","10610","10610","10610","0.85","0.85","0.85","10610","10610","10610","0.725","0.725","0.725"
"1.622754491017964","3536","3536","3536","0.775","0.775","0.775","","","","","","","","","","","","","","","","","","","3536","3536","3536","0.725","0.725","0.725","","","","","","","","","","","","","","","","","",""
"1.6400000000000001","","","","","","","5370","5370","5370","0.85","0.85","0.85","10741","10741","10741","0.875","0.875","0.875","10741","10741","10741","0.75","0.75","0.75","","","","","","","5370","5370","5370","0.825","0.825","0.825","10741","10741","10741","0.9","0.9","0.9","10741","10741","10741","0.8","0.8","0.8"
"1.6600000000000001","","","","","","","","","","","","","10872","10872","10872","0.8","0.8","0.8","10872","10872","10872","0.975","0.975","0.975","","","","","","","","","","","","","10872","10872","10872","1","1","1","10872","10872","10872","0.85","0.85","0.85"
"1.6800000000000002","","","","","","","5501","5501","5501","0.8375","0.8375","0.8375","11003","11003","11003","0.95","0.95","0.95","11003","11003","11003","0.95","0.95","0.95","","","","","","","5501","5501","5501","0.9375","0.9375","0.9375","11003","11003","11003","1","1","1","11003","11003","11003","0.925","0.925","0.925"
"1.6826347305389222","3667","3667","3667","0.808333334326744","0.808333334326744","0.808333334326744","","","","","","","","","","","","","","","","","","","3667","3667","3667","0.6416666656732559","0.6416666656732559","0.6416666656732559","","","","","","","","","","","","","","","","","",""
"1.7","","","","","","","","","","","","","11134","11134","11134","0.65","0.65","0.65","11134","11134","11134","0.7","0.7","0.7","","","","","","","","","","","","","11134","11134","11134","0.775","0.775","0.775","11134","11134","11134","0.55","0.55","0.55"
"1.72","","","","","","","5632","5632","5632","0.8","0.8","0.8","11265","11265","11265","0.925","0.925","0.925","11265","11265","11265","0.975","0.975","0.975","","","","","","","5632","5632","5632","0.825","0.825","0.825","11265","11265","11265","0.975","0.975","0.975","11265","11265","11265","0.975","0.975","0.975"
"1.74","","","","","","","","","","","","","11396","11396","11396","0.85","0.85","0.85","11396","11396","11396","0.95","0.95","0.95","","","","","","","","","","","","","11396","11396","11396","0.875","0.875","0.875","11396","11396","11396","0.575","0.575","0.575"
"1.7425149700598803","3798","3798","3798","0.8333333313465119","0.8333333313465119","0.8333333313465119","","","","","","","","","","","","","","","","","","","3798","3798","3798","0.7083333313465119","0.7083333313465119","0.7083333313465119","","","","","","","","","","","","","","","","","",""
"1.76","","","","","","","5763","5763","5763","0.925","0.925","0.925","11527","11527","11527","0.875","0.875","0.875","11527","11527","11527","1","1","1","","","","","","","5763","5763","5763","0.875","0.875","0.875","11527","11527","11527","0.95","0.95","0.95","11527","11527","11527","0.9","0.9","0.9"
"1.78","","","","","","","","","","","","","11658","11658","11658","0.875","0.875","0.875","11658","11658","11658","0.925","0.925","0.925","","","","","","","","","","","","","11658","11658","11658","0.975","0.975","0.975","11658","11658","11658","0.95","0.95","0.95"
"1.8","","","","","","","5894","5894","5894","0.825","0.825","0.825","11789","11789","11789","0.7","0.7","0.7","11789","11789","11789","0.975","0.975","0.975","","","","","","","5894","5894","5894","0.925","0.925","0.925","11789","11789","11789","0.875","0.875","0.875","11789","11789","11789","0.825","0.825","0.825"
"1.8023952095808382","3929","3929","3929","0.8333333373069763","0.8333333373069763","0.8333333373069763","","","","","","","","","","","","","","","","","","","3929","3929","3929","0.7666666686534882","0.7666666686534882","0.7666666686534882","","","","","","","","","","","","","","","","","",""
"1.8199999999999998","","","","","","","","","","","","","11920","11920","11920","0.925","0.925","0.925","11920","11920","11920","0.875","0.875","0.875","","","","","","","","","","","","","11920","11920","11920","0.975","0.975","0.975","11920","11920","11920","0.875","0.875","0.875"
"1.8399999999999999","","","","","","","6025","6025","6025","0.8625","0.8625","0.8625","12051","12051","12051","0.7","0.7","0.7","12051","12051","12051","0.975","0.975","0.975","","","","","","","6025","6025","6025","0.9125","0.9125","0.9125","12051","12051","12051","0.975","0.975","0.975","12051","12051","12051","0.625","0.625","0.625"
"1.8599999999999999","","","","","","","","","","","","","12182","12182","12182","0.775","0.775","0.775","12182","12182","12182","0.95","0.95","0.95","","","","","","","","","","","","","12182","12182","12182","0.875","0.875","0.875","12182","12182","12182","0.725","0.725","0.725"
"1.8622754491017965","4060","4060","4060","0.7750000059604645","0.7750000059604645","0.7750000059604645","","","","","","","","","","","","","","","","","","","4060","4060","4060","0.6916666686534881","0.6916666686534881","0.6916666686534881","","","","","","","","","","","","","","","","","",""
"1.88","","","","","","","6156","6156","6156","0.825","0.825","0.825","12313","12313","12313","0.6","0.6","0.6","12313","12313","12313","0.875","0.875","0.875","","","","","","","6156","6156","6156","0.9375","0.9375","0.9375","12313","12313","12313","0.95","0.95","0.95","12313","12313","12313","0.775","0.775","0.775"
"1.9","","","","","","","","","","","","","12444","12444","12444","0.8","0.8","0.8","12444","12444","12444","0.9","0.9","0.9","","","","","","","","","","","","","12444","12444","12444","0.95","0.95","0.95","12444","12444","12444","0.85","0.85","0.85"
"1.92","","","","","","","6287","6287","6287","0.95","0.95","0.95","12575","12575","12575","0.8","0.8","0.8","12575","12575","12575","0.85","0.85","0.85","","","","","","","6287","6287","6287","0.9625","0.9625","0.9625","12575","12575","12575","0.875","0.875","0.875","12575","12575","12575","0.75","0.75","0.75"
"1.9221556886227544","4191","4191","4191","0.9000000059604645","0.9000000059604645","0.9000000059604645","","","","","","","","","","","","","","","","","","","4191","4191","4191","0.7333333432674408","0.7333333432674408","0.7333333432674408","","","","","","","","","","","","","","","","","",""
"1.94","","","","","","","","","","","","","12706","12706","12706","0.55","0.55","0.55","12706","12706","12706","0.925","0.925","0.925","","","","","","","","","","","","","12706","12706","12706","0.975","0.975","0.975","12706","12706","12706","0.6","0.6","0.6"
"1.96","","","","","","","6418","6418","6418","0.8875","0.8875","0.8875","12837","12837","12837","0.975","0.975","0.975","12837","12837","12837","0.875","0.875","0.875","","","","","","","6418","6418","6418","0.925","0.925","0.925","12837","12837","12837","0.875","0.875","0.875","12837","12837","12837","0.825","0.825","0.825"
"1.98","","","","","","","","","","","","","12968","12968","12968","0.775","0.775","0.775","12968","12968","12968","0.775","0.775","0.775","","","","","","","","","","","","","12968","12968","12968","0.875","0.875","0.875","12968","12968","12968","0.8","0.8","0.8"
"1.9820359281437125","4322","4322","4322","0.7500000029802323","0.7500000029802323","0.7500000029802323","","","","","","","","","","","","","","","","","","","4322","4322","4322","0.6750000029802322","0.6750000029802322","0.6750000029802322","","","","","","","","","","","","","","","","","",""
"2","","","","","","","6549","6549","6549","0.575","0.575","0.575","13099","13099","13099","0.725","0.725","0.725","13099","13099","13099","0.625","0.625","0.625","","","","","","","6549","6549","6549","0.75","0.75","0.75","13099","13099","13099","0.875","0.875","0.875","13099","13099","13099","0.65","0.65","0.65"
"2.02","","","","","","","","","","","","","13230","13230","13230","0.775","0.775","0.775","13230","13230","13230","0.975","0.975","0.975","","","","","","","","","","","","","13230","13230","13230","0.95","0.95","0.95","13230","13230","13230","0.95","0.95","0.95"
"2.04","","","","","","","6680","6680","6680","0.875","0.875","0.875","13361","13361","13361","0.5","0.5","0.5","13361","13361","13361","0.8","0.8","0.8","","","","","","","6680","6680","6680","0.925","0.925","0.925","13361","13361","13361","0.85","0.85","0.85","13361","13361","13361","0.8","0.8","0.8"
"2.0479041916167664","4453","4453","4453","0.8083333492279052","0.8083333492279052","0.8083333492279052","","","","","","","","","","","","","","","","","","","4453","4453","4453","0.6916666716337204","0.6916666716337204","0.6916666716337204","","","","","","","","","","","","","","","","","",""
"2.06","","","","","","","","","","","","","13492","13492","13492","0.475","0.475","0.475","13492","13492","13492","0.775","0.775","0.775","","","","","","","","","","","","","13492","13492","13492","0.8","0.8","0.8","13492","13492","13492","0.575","0.575","0.575"
"2.08","","","","","","","6811","6811","6811","0.85","0.85","0.85","13623","13623","13623","0.775","0.775","0.775","13623","13623","13623","0.9","0.9","0.9","","","","","","","6811","6811","6811","0.85","0.85","0.85","13623","13623","13623","0.875","0.875","0.875","13623","13623","13623","0.825","0.825","0.825"
"2.1","","","","","","","","","","","","","13754","13754","13754","0.775","0.775","0.775","13754","13754","13754","0.825","0.825","0.825","","","","","","","","","","","","","13754","13754","13754","1","1","1","13754","13754","13754","0.825","0.825","0.825"
"2.1077844311377247","4584","4584","4584","0.825","0.825","0.825","","","","","","","","","","","","","","","","","","","4584","4584","4584","0.725","0.725","0.725","","","","","","","","","","","","","","","","","",""
"2.12","","","","","","","6942","6942","6942","0.8","0.8","0.8","13885","13885","13885","0.8","0.8","0.8","13885","13885","13885","0.875","0.875","0.875","","","","","","","6942","6942","6942","0.875","0.875","0.875","13885","13885","13885","0.9","0.9","0.9","13885","13885","13885","0.7","0.7","0.7"
"2.14","","","","","","","","","","","","","14016","14016","14016","1","1","1","14016","14016","14016","0.9","0.9","0.9","","","","","","","","","","","","","14016","14016","14016","0.925","0.925","0.925","14016","14016","14016","1","1","1"
"2.16","","","","","","","7073","7073","7073","0.85","0.85","0.85","14147","14147","14147","0.8","0.8","0.8","14147","14147","14147","0.775","0.775","0.775","","","","","","","7073","7073","7073","0.85","0.85","0.85","14147","14147","14147","0.825","0.825","0.825","14147","14147","14147","0.675","0.675","0.675"
"2.1676646706586826","4715","4715","4715","0.8083333402872086","0.8083333402872086","0.8083333402872086","","","","","","","","","","","","","","","","","","","4715","4715","4715","0.8000000029802322","0.8000000029802322","0.8000000029802322","","","","","","","","","","","","","","","","","",""
"2.18","","","","","","","","","","","","","14278","14278","14278","0.875","0.875","0.875","14278","14278","14278","0.875","0.875","0.875","","","","","","","","","","","","","14278","14278","14278","1","1","1","14278","14278","14278","0.875","0.875","0.875"
"2.2","","","","","","","7204","7204","7204","0.7625","0.7625","0.7625","14409","14409","14409","0.85","0.85","0.85","14409","14409","14409","0.75","0.75","0.75","","","","","","","7204","7204","7204","0.8875","0.8875","0.8875","14409","14409","14409","0.925","0.925","0.925","14409","14409","14409","0.775","0.775","0.775"
"2.22","","","","","","","","","","","","","14540","14540","14540","0.875","0.875","0.875","14540","14540","14540","0.9","0.9","0.9","","","","","","","","","","","","","14540","14540","14540","1","1","1","14540","14540","14540","0.7","0.7","0.7"
"2.2275449101796405","4846","4846","4846","0.9083333373069763","0.9083333373069763","0.9083333373069763","","","","","","","","","","","","","","","","","","","4846","4846","4846","0.7000000059604645","0.7000000059604645","0.7000000059604645","","","","","","","","","","","","","","","","","",""
"2.24","","","","","","","7335","7335","7335","0.925","0.925","0.925","14671","14671","14671","0.725","0.725","0.725","14671","14671","14671","1","1","1","","","","","","","7335","7335","7335","0.95","0.95","0.95","14671","14671","14671","1","1","1","14671","14671","14671","0.8","0.8","0.8"
"2.26","","","","","","","","","","","","","14802","14802","14802","0.675","0.675","0.675","14802","14802","14802","0.925","0.925","0.925","","","","","","","","","","","","","14802","14802","14802","1","1","1","14802","14802","14802","0.7","0.7","0.7"
"2.2800000000000002","","","","","","","7466","7466","7466","0.875","0.875","0.875","14933","14933","14933","0.775","0.775","0.775","14933","14933","14933","0.85","0.85","0.85","","","","","","","7466","7466","7466","0.8875","0.8875","0.8875","14933","14933","14933","0.975","0.975","0.975","14933","14933","14933","0.85","0.85","0.85"
"2.287425149700599","4977","4977","4977","0.8583333313465118","0.8583333313465118","0.8583333313465118","","","","","","","","","","","","","","","","","","","4977","4977","4977","0.6416666746139527","0.6416666746139527","0.6416666746139527","","","","","","","","","","","","","","","","","",""
"2.3","","","","","","","","","","","","","15064","15064","15064","0.825","0.825","0.825","15064","15064","15064","0.95","0.95","0.95","","","","","","","","","","","","","15064","15064","15064","0.95","0.95","0.95","15064","15064","15064","0.775","0.775","0.775"
"2.32","","","","","","","7597","7597","7597","0.825","0.825","0.825","15195","15195","15195","0.775","0.775","0.775","15195","15195","15195","0.825","0.825","0.825","","","","","","","7597","7597","7597","0.8375","0.8375","0.8375","15195","15195","15195","0.95","0.95","0.95","15195","15195","15195","0.675","0.675","0.675"
"2.34","","","","","","","","","","","","","15326","15326","15326","0.925","0.925","0.925","15326","15326","15326","0.925","0.925","0.925","","","","","","","","","","","","","15326","15326","15326","0.975","0.975","0.975","15326","15326","15326","0.825","0.825","0.825"
"2.3473053892215567","5108","5108","5108","0.8416666626930237","0.8416666626930237","0.8416666626930237","","","","","","","","","","","","","","","","","","","5108","5108","5108","0.65","0.65","0.65","","","","","","","","","","","","","","","","","",""
"2.36","","","","","","","7728","7728","7728","0.8875","0.8875","0.8875","15457","15457","15457","0.675","0.675","0.675","15457","15457","15457","0.9","0.9","0.9","","","","","","","7728","7728","7728","0.9625","0.9625","0.9625","15457","15457","15457","0.925","0.925","0.925","15457","15457","15457","0.75","0.75","0.75"
"2.38","","","","","","","","","","","","","15588","15588","15588","0.65","0.65","0.65","15588","15588","15588","0.95","0.95","0.95","","","","","","","","","","","","","15588","15588","15588","1","1","1","15588","15588","15588","0.75","0.75","0.75"
"2.4","","","","","","","7859","7859","7859","0.9125","0.9125","0.9125","15719","15719","15719","0.875","0.875","0.875","15719","15719","15719","0.925","0.925","0.925","","","","","","","7859","7859","7859","0.9125","0.9125","0.9125","15719","15719","15719","1","1","1","15719","15719","15719","0.775","0.775","0.775"
"2.407185628742515","5239","5239","5239","0.8833333373069763","0.8833333373069763","0.8833333373069763","","","","","","","","","","","","","","","","","","","5239","5239","5239","0.7666666686534882","0.7666666686534882","0.7666666686534882","","","","","","","","","","","","","","","","","",""
"2.42","","","","","","","","","","","","","15850","15850","15850","0.775","0.775","0.775","15850","15850","15850","0.875","0.875","0.875","","","","","","","","","","","","","15850","15850","15850","0.925","0.925","0.925","15850","15850","15850","0.725","0.725","0.725"
"2.44","","","","","","","7990","7990","7990","0.8125","0.8125","0.8125","15981","15981","15981","0.8","0.8","0.8","15981","15981","15981","0.8","0.8","0.8","","","","","","","7990","7990","7990","0.875","0.875","0.875","15981","15981","15981","0.85","0.85","0.85","15981","15981","15981","0.8","0.8","0.8"
"2.46","","","","","","","","","","","","","16112","16112","16112","0.775","0.775","0.775","16112","16112","16112","0.975","0.975","0.975","","","","","","","","","","","","","16112","16112","16112","0.975","0.975","0.975","16112","16112","16112","0.85","0.85","0.85"
"2.467065868263473","5370","5370","5370","0.8083333373069763","0.8083333373069763","0.8083333373069763","","","","","","","","","","","","","","","","","","","5370","5370","5370","0.7250000029802323","0.7250000029802323","0.7250000029802323","","","","","","","","","","","","","","","","","",""
"2.48","","","","","","","8121","8121","8121","0.9125","0.9125","0.9125","16243","16243","16243","0.675","0.675","0.675","16243","16243","16243","0.95","0.95","0.95","","","","","","","8121","8121","8121","0.925","0.925","0.925","16243","16243","16243","0.875","0.875","0.875","16243","16243","16243","0.675","0.675","0.675"
"2.5","","","","","","","","","","","","","16374","16374","16374","0.8","0.8","0.8","16374","16374","16374","0.825","0.825","0.825","","","","","","","","","","","","","16374","16374","16374","0.9","0.9","0.9","16374","16374","16374","0.675","0.675","0.675"
"2.52","","","","","","","8252","8252","8252","0.775","0.775","0.775","16505","16505","16505","0.85","0.85","0.85","16505","16505","16505","0.9","0.9","0.9","","","","","","","8252","8252","8252","0.8625","0.8625","0.8625","16505","16505","16505","0.875","0.875","0.875","16505","16505","16505","0.85","0.85","0.85"
"2.5269461077844313","5501","5501","5501","0.825","0.825","0.825","","","","","","","","","","","","","","","","","","","5501","5501","5501","0.725","0.725","0.725","","","","","","","","","","","","","","","","","",""
"2.54","","","","","","","","","","","","","16636","16636","16636","1","1","1","16636","16636","16636","0.825","0.825","0.825","","","","","","","","","","","","","16636","16636","16636","0.95","0.95","0.95","16636","16636","16636","0.875","0.875","0.875"
"2.56","","","","","","","8383","8383","8383","0.7875","0.7875","0.7875","16767","16767","16767","0.775","0.775","0.775","16767","16767","16767","0.95","0.95","0.95","","","","","","","8383","8383","8383","0.925","0.925","0.925","16767","16767","16767","0.975","0.975","0.975","16767","16767","16767","0.95","0.95","0.95"
"2.58","","","","","","","","","","","","","16898","16898","16898","0.675","0.675","0.675","16898","16898","16898","0.8","0.8","0.8","","","","","","","","","","","","","16898","16898","16898","1","1","1","16898","16898","16898","0.8","0.8","0.8"
"2.586826347305389","5632","5632","5632","0.8083333373069763","0.8083333373069763","0.8083333373069763","","","","","","","","","","","","","","","","","","","5632","5632","5632","0.7083333343267441","0.7083333343267441","0.7083333343267441","","","","","","","","","","","","","","","","","",""
"2.6","","","","","","","8514","8514","8514","0.75","0.75","0.75","17029","17029","17029","0.7","0.7","0.7","17029","17029","17029","0.85","0.85","0.85","","","","","","","8514","8514","8514","0.9","0.9","0.9","17029","17029","17029","0.925","0.925","0.925","17029","17029","17029","0.725","0.725","0.725"
"2.62","","","","","","","","","","","","","17160","17160","17160","0.825","0.825","0.825","17160","17160","17160","0.925","0.925","0.925","","","","","","","","","","","","","17160","17160","17160","0.975","0.975","0.975","17160","17160","17160","0.875","0.875","0.875"
"2.64","","","","","","","8645","8645","8645","0.9125","0.9125","0.9125","17291","17291","17291","0.975","0.975","0.975","17291","17291","17291","0.9","0.9","0.9","","","","","","","8645","8645","8645","0.9875","0.9875","0.9875","17291","17291","17291","1","1","1","17291","17291","17291","0.95","0.95","0.95"
"2.6467065868263475","5763","5763","5763","0.8833333373069763","0.8833333373069763","0.8833333373069763","","","","","","","","","","","","","","","","","","","5763","5763","5763","0.8083333373069763","0.8083333373069763","0.8083333373069763","","","","","","","","","","","","","","","","","",""
"2.66","","","","","","","","","","","","","17422","17422","17422","0.8","0.8","0.8","17422","17422","17422","0.875","0.875","0.875","","","","","","","","","","","","","17422","17422","17422","0.975","0.975","0.975","17422","17422","17422","0.875","0.875","0.875"
"2.68","","","","","","","8776","8776","8776","0.8625","0.8625","0.8625","17553","17553","17553","0.825","0.825","0.825","17553","17553","17553","0.95","0.95","0.95","","","","","","","8776","8776","8776","0.9875","0.9875","0.9875","17553","17553","17553","1","1","1","17553","17553","17553","0.85","0.85","0.85"
"2.7","","","","","","","","","","","","","17684","17684","17684","0.775","0.775","0.775","17684","17684","17684","0.95","0.95","0.95","","","","","","","","","","","","","17684","17684","17684","0.95","0.95","0.95","17684","17684","17684","0.825","0.825","0.825"
"2.7065868263473054","5894","5894","5894","0.8833333313465118","0.8833333313465118","0.8833333313465118","","","","","","","","","","","","","","","","","","","5894","5894","5894","0.7916666746139527","0.7916666746139527","0.7916666746139527","","","","","","","","","","","","","","","","","",""
"2.7199999999999998","","","","","","","8907","8907","8907","0.9","0.9","0.9","17815","17815","17815","0.8","0.8","0.8","17815","17815","17815","0.8","0.8","0.8","","","","","","","8907","8907","8907","0.8625","0.8625","0.8625","17815","17815","17815","0.975","0.975","0.975","17815","17815","17815","0.875","0.875","0.875"
"2.74","","","","","","","","","","","","","17946","17946","17946","0.625","0.625","0.625","17946","17946","17946","0.85","0.85","0.85","","","","","","","","","","","","","17946","17946","17946","0.875","0.875","0.875","17946","17946","17946","0.725","0.725","0.725"
"2.76","","","","","","","9038","9038","9038","0.7375","0.7375","0.7375","18077","18077","18077","0.55","0.55","0.55","18077","18077","18077","0.7","0.7","0.7","","","","","","","9038","9038","9038","0.725","0.725","0.725","18077","18077","18077","0.675","0.675","0.675","18077","18077","18077","0.575","0.575","0.575"
"2.7664670658682633","6025","6025","6025","0.6833333432674408","0.6833333432674408","0.6833333432674408","","","","","","","","","","","","","","","","","","","6025","6025","6025","0.7416666775941849","0.7416666775941849","0.7416666775941849","","","","","","","","","","","","","","","","","",""
"2.7800000000000002","","","","","","","","","","","","","18208","18208","18208","0.725","0.725","0.725","18208","18208","18208","0.85","0.85","0.85","","","","","","","","","","","","","18208","18208","18208","0.9","0.9","0.9","18208","18208","18208","0.775","0.775","0.775"
"2.8","","","","","","","9169","9169","9169","0.7875","0.7875","0.7875","18339","18339","18339","0.725","0.725","0.725","18339","18339","18339","0.9","0.9","0.9","","","","","","","9169","9169","9169","0.875","0.875","0.875","18339","18339","18339","0.975","0.975","0.975","18339","18339","18339","0.775","0.775","0.775"
"2.82","","","","","","","","","","","","","18470","18470","18470","0.875","0.875","0.875","18470","18470","18470","0.775","0.775","0.775","","","","","","","","","","","","","18470","18470","18470","0.9","0.9","0.9","18470","18470","18470","0.9","0.9","0.9"
"2.8263473053892216","6156","6156","6156","0.775","0.775","0.775","","","","","","","","","","","","","","","","","","","6156","6156","6156","0.8083333432674408","0.8083333432674408","0.8083333432674408","","","","","","","","","","","","","","","","","",""
"2.84","","","","","","","9300","9300","9300","0.875","0.875","0.875","18601","18601","18601","0.9","0.9","0.9","18601","18601","18601","0.925","0.925","0.925","","","","","","","9300","9300","9300","0.875","0.875","0.875","18601","18601","18601","1","1","1","18601","18601","18601","0.85","0.85","0.85"
"2.86","","","","","","","","","","","","","18732","18732","18732","0.9","0.9","0.9","18732","18732","18732","0.9","0.9","0.9","","","","","","","","","","","","","18732","18732","18732","1","1","1","18732","18732","18732","0.925","0.925","0.925"
"2.88","","","","","","","9431","9431","9431","0.9375","0.9375","0.9375","18863","18863","18863","0.875","0.875","0.875","18863","18863","18863","0.875","0.875","0.875","","","","","","","9431","9431","9431","0.95","0.95","0.95","18863","18863","18863","1","1","1","18863","18863","18863","0.95","0.95","0.95"
"2.8862275449101795","6287","6287","6287","0.875","0.875","0.875","","","","","","","","","","","","","","","","","","","6287","6287","6287","0.8416666626930237","0.8416666626930237","0.8416666626930237","","","","","","","","","","","","","","","","","",""
"2.9","","","","","","","","","","","","","18994","18994","18994","0.825","0.825","0.825","18994","18994","18994","0.8","0.8","0.8","","","","","","","","","","","","","18994","18994","18994","0.9","0.9","0.9","18994","18994","18994","0.675","0.675","0.675"
"2.92","","","","","","","9562","9562","9562","0.8125","0.8125","0.8125","19125","19125","19125","0.875","0.875","0.875","19125","19125","19125","0.85","0.85","0.85","","","","","","","9562","9562","9562","0.8","0.8","0.8","19125","19125","19125","0.9","0.9","0.9","19125","19125","19125","0.9","0.9","0.9"
"2.94","","","","","","","","","","","","","19256","19256","19256","0.925","0.925","0.925","19256","19256","19256","0.95","0.95","0.95","","","","","","","","","","","","","19256","19256","19256","0.975","0.975","0.975","19256","19256","19256","0.875","0.875","0.875"
"2.946107784431138","6418","6418","6418","0.8500000059604644","0.8500000059604644","0.8500000059604644","","","","","","","","","","","","","","","","","","","6418","6418","6418","0.7666666656732559","0.7666666656732559","0.7666666656732559","","","","","","","","","","","","","","","","","",""
"2.96","","","","","","","9693","9693","9693","0.925","0.925","0.925","19387","19387","19387","0.85","0.85","0.85","19387","19387","19387","0.975","0.975","0.975","","","","","","","9693","9693","9693","0.95","0.95","0.95","19387","19387","19387","0.975","0.975","0.975","19387","19387","19387","0.75","0.75","0.75"
"2.98","","","","","","","","","","","","","19518","19518","19518","0.675","0.675","0.675","19518","19518","19518","0.925","0.925","0.925","","","","","","","","","","","","","19518","19518","19518","0.95","0.95","0.95","19518","19518","19518","0.7","0.7","0.7"
"3","","","","","","","9824","9824","9824","0.925","0.925","0.925","19649","19649","19649","0.725","0.725","0.725","19649","19649","19649","0.85","0.85","0.85","","","","","","","9824","9824","9824","0.9625","0.9625","0.9625","19649","19649","19649","0.9","0.9","0.9","19649","19649","19649","0.725","0.725","0.725"
"3.0119760479041915","6549","6549","6549","0.8916666686534882","0.8916666686534882","0.8916666686534882","","","","","","","","","","","","","","","","","","","6549","6549","6549","0.85","0.85","0.85","","","","","","","","","","","","","","","","","",""
"3.02","","","","","","","","","","","","","19780","19780","19780","0.85","0.85","0.85","19780","19780","19780","0.925","0.925","0.925","","","","","","","","","","","","","19780","19780","19780","0.975","0.975","0.975","19780","19780","19780","0.925","0.925","0.925"
"3.04","","","","","","","9955","9955","9955","0.925","0.925","0.925","19911","19911","19911","0.9","0.9","0.9","19911","19911","19911","0.975","0.975","0.975","","","","","","","9955","9955","9955","0.9375","0.9375","0.9375","19911","19911","19911","1","1","1","19911","19911","19911","0.85","0.85","0.85"
"3.06","","","","","","","","","","","","","20042","20042","20042","0.75","0.75","0.75","20042","20042","20042","0.9","0.9","0.9","","","","","","","","","","","","","20042","20042","20042","1","1","1","20042","20042","20042","0.7","0.7","0.7"
"3.07185628742515","6680","6680","6680","0.8166666716337204","0.8166666716337204","0.8166666716337204","","","","","","","","","","","","","","","","","","","6680","6680","6680","0.7833333417773247","0.7833333417773247","0.7833333417773247","","","","","","","","","","","","","","","","","",""
"3.08","","","","","","","10086","10086","10086","0.7875","0.7875","0.7875","20173","20173","20173","0.95","0.95","0.95","20173","20173","20173","0.95","0.95","0.95","","","","","","","10086","10086","10086","0.9125","0.9125","0.9125","20173","20173","20173","0.975","0.975","0.975","20173","20173","20173","0.95","0.95","0.95"
"3.1","","","","","","","","","","","","","20304","20304","20304","0.775","0.775","0.775","20304","20304","20304","0.875","0.875","0.875","","","","","","","","","","","","","20304","20304","20304","0.875","0.875","0.875","20304","20304","20304","0.775","0.775","0.775"
"3.12","","","","","","","10217","10217","10217","0.7625","0.7625","0.7625","20435","20435","20435","0.7","0.7","0.7","20435","20435","20435","0.725","0.725","0.725","","","","","","","10217","10217","10217","0.875","0.875","0.875","20435","20435","20435","0.9","0.9","0.9","20435","20435","20435","0.75","0.75","0.75"
"3.1317365269461077","6811","6811","6811","0.7666666656732559","0.7666666656732559","0.7666666656732559","","","","","","","","","","","","","","","","","","","6811","6811","6811","0.7000000059604645","0.7000000059604645","0.7000000059604645","","","","","","","","","","","","","","","","","",""
"3.14","","","","","","","","","","","","","20566","20566","20566","0.875","0.875","0.875","20566","20566","20566","0.95","0.95","0.95","","","","","","","","","","","","","20566","20566","20566","0.875","0.875","0.875","20566","20566","20566","0.825","0.825","0.825"
"3.16","","","","","","","10348","10348","10348","0.7875","0.7875","0.7875","20697","20697","20697","0.775","0.775","0.775","20697","20697","20697","0.925","0.925","0.925","","","","","","","10348","10348","10348","0.825","0.825","0.825","20697","20697","20697","0.825","0.825","0.825","20697","20697","20697","0.675","0.675","0.675"
"3.18","","","","","","","","","","","","","20828","20828","20828","0.8","0.8","0.8","20828","20828","20828","1","1","1","","","","","","","","","","","","","20828","20828","20828","1","1","1","20828","20828","20828","0.825","0.825","0.825"
"3.191616766467066","6942","6942","6942","0.825000011920929","0.825000011920929","0.825000011920929","","","","","","","","","","","","","","","","","","","6942","6942","6942","0.8416666746139526","0.8416666746139526","0.8416666746139526","","","","","","","","","","","","","","","","","",""
"3.2","","","","","","","10479","10479","10479","0.9125","0.9125","0.9125","20959","20959","20959","0.9","0.9","0.9","20959","20959","20959","0.925","0.925","0.925","","","","","","","10479","10479","10479","0.95","0.95","0.95","20959","20959","20959","0.9","0.9","0.9","20959","20959","20959","0.95","0.95","0.95"
"3.22","","","","","","","","","","","","","21090","21090","21090","0.75","0.75","0.75","21090","21090","21090","0.975","0.975","0.975","","","","","","","","","","","","","21090","21090","21090","1","1","1","21090","21090","21090","0.7","0.7","0.7"
"3.24","","","","","","","10610","10610","10610","0.8125","0.8125","0.8125","21221","21221","21221","0.7","0.7","0.7","21221","21221","21221","0.875","0.875","0.875","","","","","","","10610","10610","10610","0.925","0.925","0.925","21221","21221","21221","0.925","0.925","0.925","21221","21221","21221","0.675","0.675","0.675"
"3.251497005988024","7073","7073","7073","0.8750000059604645","0.8750000059604645","0.8750000059604645","","","","","","","","","","","","","","","","","","","7073","7073","7073","0.7916666686534881","0.7916666686534881","0.7916666686534881","","","","","","","","","","","","","","","","","",""
"3.26","","","","","","","","","","","","","21352","21352","21352","0.85","0.85","0.85","21352","21352","21352","0.95","0.95","0.95","","","","","","","","","","","","","21352","21352","21352","1","1","1","21352","21352","21352","0.85","0.85","0.85"
"3.2800000000000002","","","","","","","10741","10741","10741","0.8125","0.8125","0.8125","21483","21483","21483","0.8","0.8","0.8","21483","21483","21483","0.875","0.875","0.875","","","","","","","10741","10741","10741","0.9125","0.9125","0.9125","21483","21483","21483","0.9","0.9","0.9","21483","21483","21483","0.825","0.825","0.825"
"3.3","","","","","","","","","","","","","21614","21614","21614","0.725","0.725","0.725","21614","21614","21614","0.75","0.75","0.75","","","","","","","","","","","","","21614","21614","21614","0.9","0.9","0.9","21614","21614","21614","0.7","0.7","0.7"
"3.3113772455089823","7204","7204","7204","0.825000011920929","0.825000011920929","0.825000011920929","","","","","","","","","","","","","","","","","","","7204","7204","7204","0.7916666686534881","0.7916666686534881","0.7916666686534881","","","","","","","","","","","","","","","","","",""
"3.32","","","","","","","10872","10872","10872","0.85","0.85","0.85","21745","21745","21745","0.925","0.925","0.925","21745","21745","21745","0.775","0.775","0.775","","","","","","","10872","10872","10872","0.8625","0.8625","0.8625","21745","21745","21745","1","1","1","21745","21745","21745","0.9","0.9","0.9"
"3.34","","","","","","","","","","","","","21876","21876","21876","0.75","0.75","0.75","21876","21876","21876","0.95","0.95","0.95","","","","","","","","","","","","","21876","21876","21876","0.975","0.975","0.975","21876","21876","21876","0.8","0.8","0.8"
"3.36","","","","","","","11003","11003","11003","0.925","0.925","0.925","22007","22007","22007","0.925","0.925","0.925","22007","22007","22007","0.875","0.875","0.875","","","","","","","11003","11003","11003","0.95","0.95","0.95","22007","22007","22007","0.875","0.875","0.875","22007","22007","22007","0.875","0.875","0.875"
"3.37125748502994","7335","7335","7335","0.8166666686534881","0.8166666686534881","0.8166666686534881","","","","","","","","","","","","","","","","","","","7335","7335","7335","0.816666665673256","0.816666665673256","0.816666665673256","","","","","","","","","","","","","","","","","",""
"3.38","","","","","","","","","","","","","22138","22138","22138","0.625","0.625","0.625","22138","22138","22138","0.75","0.75","0.75","","","","","","","","","","","","","22138","22138","22138","0.8","0.8","0.8","22138","22138","22138","0.7","0.7","0.7"
"3.4","","","","","","","11134","11134","11134","0.8","0.8","0.8","22269","22269","22269","0.725","0.725","0.725","22269","22269","22269","0.9","0.9","0.9","","","","","","","11134","11134","11134","0.8625","0.8625","0.8625","22269","22269","22269","0.975","0.975","0.975","22269","22269","22269","0.775","0.775","0.775"
"3.42","","","","","","","","","","","","","22400","22400","22400","0.825","0.825","0.825","22400","22400","22400","0.825","0.825","0.825","","","","","","","","","","","","","22400","22400","22400","0.9","0.9","0.9","22400","22400","22400","0.825","0.825","0.825"
"3.431137724550898","7466","7466","7466","0.7833333343267441","0.7833333343267441","0.7833333343267441","","","","","","","","","","","","","","","","","","","7466","7466","7466","0.7083333283662796","0.7083333283662796","0.7083333283662796","","","","","","","","","","","","","","","","","",""
"3.44","","","","","","","11265","11265","11265","0.875","0.875","0.875","22531","22531","22531","0.95","0.95","0.95","22531","22531","22531","0.975","0.975","0.975","","","","","","","11265","11265","11265","0.9125","0.9125","0.9125","22531","22531","22531","0.975","0.975","0.975","22531","22531","22531","0.9","0.9","0.9"
"3.46","","","","","","","","","","","","","22662","22662","22662","0.675","0.675","0.675","22662","22662","22662","0.8","0.8","0.8","","","","","","","","","","","","","22662","22662","22662","0.975","0.975","0.975","22662","22662","22662","0.775","0.775","0.775"
"3.48","","","","","","","11396","11396","11396","0.8375","0.8375","0.8375","22793","22793","22793","0.7","0.7","0.7","22793","22793","22793","0.85","0.85","0.85","","","","","","","11396","11396","11396","0.9125","0.9125","0.9125","22793","22793","22793","0.875","0.875","0.875","22793","22793","22793","0.65","0.65","0.65"
"3.4910179640718564","7597","7597","7597","0.8333333373069763","0.8333333373069763","0.8333333373069763","","","","","","","","","","","","","","","","","","","7597","7597","7597","0.8","0.8","0.8","","","","","","","","","","","","","","","","","",""
"3.5","","","","","","","","","","","","","22924","22924","22924","0.8","0.8","0.8","22924","22924","22924","0.975","0.975","0.975","","","","","","","","","","","","","22924","22924","22924","0.975","0.975","0.975","22924","22924","22924","0.7","0.7","0.7"
"3.52","","","","","","","11527","11527","11527","0.9125","0.9125","0.9125","23055","23055","23055","0.875","0.875","0.875","23055","23055","23055","0.875","0.875","0.875","","","","","","","11527","11527","11527","0.9625","0.9625","0.9625","23055","23055","23055","1","1","1","23055","23055","23055","0.925","0.925","0.925"
"3.54","","","","","","","","","","","","","23186","23186","23186","0.725","0.725","0.725","23186","23186","23186","0.825","0.825","0.825","","","","","","","","","","","","","23186","23186","23186","1","1","1","23186","23186","23186","0.8","0.8","0.8"
"3.5508982035928143","7728","7728","7728","0.8666666686534882","0.8666666686534882","0.8666666686534882","","","","","","","","","","","","","","","","","","","7728","7728","7728","0.8916666626930236","0.8916666626930236","0.8916666626930236","","","","","","","","","","","","","","","","","",""
"3.56","","","","","","","11658","11658","11658","0.8625","0.8625","0.8625","23317","23317","23317","0.85","0.85","0.85","23317","23317","23317","0.95","0.95","0.95","","","","","","","11658","11658","11658","0.925","0.925","0.925","23317","23317","23317","1","1","1","23317","23317","23317","1","1","1"
"3.58","","","","","","","","","","","","","23448","23448","23448","0.9","0.9","0.9","23448","23448","23448","0.95","0.95","0.95","","","","","","","","","","","","","23448","23448","23448","0.95","0.95","0.95","23448","23448","23448","0.875","0.875","0.875"
"3.6","","","","","","","11789","11789","11789","0.95","0.95","0.95","23579","23579","23579","0.975","0.975","0.975","23579","23579","23579","1","1","1","","","","","","","11789","11789","11789","0.9375","0.9375","0.9375","23579","23579","23579","0.975","0.975","0.975","23579","23579","23579","0.85","0.85","0.85"
"3.6107784431137726","7859","7859","7859","0.8416666626930237","0.8416666626930237","0.8416666626930237","","","","","","","","","","","","","","","","","","","7859","7859","7859","0.8333333253860473","0.8333333253860473","0.8333333253860473","","","","","","","","","","","","","","","","","",""
"3.62","","","","","","","","","","","","","23710","23710","23710","0.725","0.725","0.725","23710","23710","23710","0.85","0.85","0.85","","","","","","","","","","","","","23710","23710","23710","0.9","0.9","0.9","23710","23710","23710","0.775","0.775","0.775"
"3.64","","","","","","","11920","11920","11920","0.8875","0.8875","0.8875","23841","23841","23841","0.75","0.75","0.75","23841","23841","23841","0.925","0.925","0.925","","","","","","","11920","11920","11920","0.925","0.925","0.925","23841","23841","23841","1","1","1","23841","23841","23841","0.85","0.85","0.85"
"3.66","","","","","","","","","","","","","23972","23972","23972","0.925","0.925","0.925","23972","23972","23972","0.775","0.775","0.775","","","","","","","","","","","","","23972","23972","23972","0.9","0.9","0.9","23972","23972","23972","0.65","0.65","0.65"
"3.6706586826347305","7990","7990","7990","0.775","0.775","0.775","","","","","","","","","","","","","","","","","","","7990","7990","7990","0.8333333432674408","0.8333333432674408","0.8333333432674408","","","","","","","","","","","","","","","","","",""
"3.68","","","","","","","12051","12051","12051","0.8625","0.8625","0.8625","24103","24103","24103","0.85","0.85","0.85","24103","24103","24103","0.875","0.875","0.875","","","","","","","12051","12051","12051","0.8875","0.8875","0.8875","24103","24103","24103","0.9","0.9","0.9","24103","24103","24103","0.85","0.85","0.85"
"3.7","","","","","","","","","","","","","24234","24234","24234","0.675","0.675","0.675","24234","24234","24234","0.55","0.55","0.55","","","","","","","","","","","","","24234","24234","24234","0.875","0.875","0.875","24234","24234","24234","0.725","0.725","0.725"
"3.7199999999999998","","","","","","","12182","12182","12182","0.75","0.75","0.75","24365","24365","24365","1","1","1","24365","24365","24365","0.925","0.925","0.925","","","","","","","12182","12182","12182","0.85","0.85","0.85","24365","24365","24365","0.925","0.925","0.925","24365","24365","24365","0.975","0.975","0.975"
"3.730538922155689","8121","8121","8121","0.7500000059604645","0.7500000059604645","0.7500000059604645","","","","","","","","","","","","","","","","","","","8121","8121","8121","0.7666666626930236","0.7666666626930236","0.7666666626930236","","","","","","","","","","","","","","","","","",""
"3.74","","","","","","","","","","","","","24496","24496","24496","0.8","0.8","0.8","24496","24496","24496","0.825","0.825","0.825","","","","","","","","","","","","","24496","24496","24496","0.975","0.975","0.975","24496","24496","24496","0.675","0.675","0.675"
"3.76","","","","","","","12313","12313","12313","0.9","0.9","0.9","24627","24627","24627","0.95","0.95","0.95","24627","24627","24627","0.95","0.95","0.95","","","","","","","12313","12313","12313","0.8875","0.8875","0.8875","24627","24627","24627","1","1","1","24627","24627","24627","0.925","0.925","0.925"
"3.7800000000000002","","","","","","","","","","","","","24758","24758","24758","0.65","0.65","0.65","24758","24758","24758","0.95","0.95","0.95","","","","","","","","","","","","","24758","24758","24758","0.975","0.975","0.975","24758","24758","24758","0.75","0.75","0.75"
"3.7904191616766467","8252","8252","8252","0.9000000059604645","0.9000000059604645","0.9000000059604645","","","","","","","","","","","","","","","","","","","8252","8252","8252","0.85","0.85","0.85","","","","","","","","","","","","","","","","","",""
"3.8","","","","","","","12444","12444","12444","0.7875","0.7875","0.7875","24889","24889","24889","0.625","0.625","0.625","24889","24889","24889","0.9","0.9","0.9","","","","","","","12444","12444","12444","0.925","0.925","0.925","24889","24889","24889","0.95","0.95","0.95","24889","24889","24889","0.825","0.825","0.825"
"3.82","","","","","","","","","","","","","25020","25020","25020","0.85","0.85","0.85","25020","25020","25020","0.8","0.8","0.8","","","","","","","","","","","","","25020","25020","25020","0.975","0.975","0.975","25020","25020","25020","0.8","0.8","0.8"
"3.84","","","","","","","12575","12575","12575","0.8875","0.8875","0.8875","25151","25151","25151","0.825","0.825","0.825","25151","25151","25151","0.975","0.975","0.975","","","","","","","12575","12575","12575","0.9125","0.9125","0.9125","25151","25151","25151","1","1","1","25151","25151","25151","0.775","0.775","0.775"
"3.8502994011976046","8383","8383","8383","0.741666667163372","0.741666667163372","0.741666667163372","","","","","","","","","","","","","","","","","","","8383","8383","8383","0.8416666746139526","0.8416666746139526","0.8416666746139526","","","","","","","","","","","","","","","","","",""
"3.86","","","","","","","","","","","","","25282","25282","25282","0.85","0.85","0.85","25282","25282","25282","0.9","0.9","0.9","","","","","","","","","","","","","25282","25282","25282","0.975","0.975","0.975","25282","25282","25282","0.925","0.925","0.925"
"3.88","","","","","","","12706","12706","12706","0.8375","0.8375","0.8375","25413","25413","25413","0.875","0.875","0.875","25413","25413","25413","0.975","0.975","0.975","","","","","","","12706","12706","12706","0.925","0.925","0.925","25413","25413","25413","1","1","1","25413","25413","25413","0.825","0.825","0.825"
"3.9","","","","","","","","","","","","","25544","25544","25544","0.725","0.725","0.725","25544","25544","25544","0.975","0.975","0.975","","","","","","","","","","","","","25544","25544","25544","1","1","1","25544","25544","25544","0.825","0.825","0.825"
"3.910179640718563","8514","8514","8514","0.8833333373069763","0.8833333373069763","0.8833333373069763","","","","","","","","","","","","","","","","","","","8514","8514","8514","0.9083333432674408","0.9083333432674408","0.9083333432674408","","","","","","","","","","","","","","","","","",""
"3.92","","","","","","","12837","12837","12837","0.8375","0.8375","0.8375","25675","25675","25675","0.9","0.9","0.9","25675","25675","25675","0.9","0.9","0.9","","","","","","","12837","12837","12837","0.9875","0.9875","0.9875","25675","25675","25675","1","1","1","25675","25675","25675","0.9","0.9","0.9"
"3.94","","","","","","","","","","","","","25806","25806","25806","0.825","0.825","0.825","25806","25806","25806","0.875","0.875","0.875","","","","","","","","","","","","","25806","25806","25806","0.975","0.975","0.975","25806","25806","25806","0.925","0.925","0.925"
"3.96","","","","","","","12968","12968","12968","0.9125","0.9125","0.9125","25937","25937","25937","0.95","0.95","0.95","25937","25937","25937","0.875","0.875","0.875","","","","","","","12968","12968","12968","0.9625","0.9625","0.9625","25937","25937","25937","1","1","1","25937","25937","25937","0.825","0.825","0.825"
"3.970059880239521","8645","8645","8645","0.9000000119209289","0.9000000119209289","0.9000000119209289","","","","","","","","","","","","","","","","","","","8645","8645","8645","0.8750000059604645","0.8750000059604645","0.8750000059604645","","","","","","","","","","","","","","","","","",""
"3.98","","","","","","","","","","","","","26068","26068","26068","0.675","0.675","0.675","26068","26068","26068","0.875","0.875","0.875","","","","","","","","","","","","","26068","26068","26068","0.975","0.975","0.975","26068","26068","26068","0.65","0.65","0.65"
"3.9940119760479043","8698","8698","8698","0.500000013038516","0.500000013038516","0.500000013038516","","","","","","","","","","","","","","","","","","","8698","8698","8698","0.7083333358168602","0.7083333358168602","0.7083333358168602","","","","","","","","","","","","","","","","","",""
"4","","","","","","","13099","13099","13099","0.75","0.75","0.75","26199","26199","26199","0.525","0.525","0.525","26199","26199","26199","0.65","0.65","0.65","","","","","","","13099","13099","13099","0.8375","0.8375","0.8375","26199","26199","26199","0.825","0.825","0.825","26199","26199","26199","0.55","0.55","0.55"